,scenario,year,battery_energy_density,success,mission_range,cruise_speed,mission_time,Weight|takeoff,Wing|area,Wing|aspect_ratio,LiftRotor|radius,Propeller|radius,Propeller|Cruise|RPM,Aero|Cruise|CL,Propeller|Cruise|CT/sigma,Propeller|Cruise|J,LiftRotor|HoverClimb|T_to_P,Propeller|Cruise|T_to_P,LiftRotor|HoverDescent|T_to_P,LiftRotor|clearance_constraint,Weight|residual,Weight|payload,Weight|battery,Weight|propulsion,Weight|structure,Weight|equipment,Power|segment_1,Power|segment_3,Power|segment_5,DiskLoading|LiftRotor|segment_1,DiskLoading|Propeller|segment_3,DiskLoading|LiftRotor|segment_5,Energy|entire_mission,Aero|Cruise|f_total_non_hub_non_wing,Aero|Cruise|Cd0_wing,Aero|Cruise|f_total,Aero|Cruise|total_drag
0,conservative,2030,176.05442728293585,True,96.56064,241.4016,0.4888888888888889,2918.3562744581054,29.999999999999996,8.539897420256974,2.2230523471868873,1.730469393774293,387.49934666194986,0.42046253707741427,0.04538690567933399,3.0000189715496473,6.446434334418215,1.4533133690061912,7.271169360668513,3.0277593765504207e-09,9.470990564517627e-05,600.0,1088.5083564141823,445.7792445815159,640.9910392698653,143.0873660939822,452.7086018508997,126.71577800818919,401.35996422311234,230.29856152724759,191.85046513411305,230.29856152724759,130.3129663912083,0.2729121403446563,0.009153409031417752,0.7959764423562702,1804.847757228877
1,conservative,2031,180.75417127982496,True,96.56064,241.4016,0.4888888888888889,2838.743176874883,29.999999999999993,8.355686947762766,2.1955701068419065,1.7245517965343533,388.8288959330417,0.40899227030861507,0.04514150374534812,3.000019814797141,6.454326091686256,1.453313839784416,7.281284212728931,7.72987363006905e-09,1.8024215696441257e-05,600.0,1042.2947002739857,433.98804882882956,623.5641581322451,138.9005151333978,439.8202285644408,125.17004182385796,389.8684756615151,229.65916390598557,190.81304381123306,229.65916390598557,128.1113980486169,0.2729121403446563,0.009153409031417752,0.786267017580608,1782.8319881711132
2,conservative,2032,185.5044988742252,True,96.56064,241.4016,0.4888888888888889,2765.8891532848584,29.999999999999996,8.183399361511098,2.1695911267703507,1.714660356442398,391.0727558398474,0.39849581795183503,0.04515854097308008,3.0000136412428455,6.460557358788236,1.4533136842340857,7.289273343092985,1.0801549876759964e-08,2.026455629805865e-05,600.0,999.8730836731417,423.24974651383104,607.689387125294,135.08143758966764,428.1192782109496,123.78551822384141,379.4464856919793,229.1560214266972,190.88584576136196,229.1560214266972,126.12704962073641,0.2729121403446563,0.009153409031417752,0.7775699232671216,1763.1116417753858
3,conservative,2033,190.30164614658935,True,96.56064,241.4016,0.4888888888888889,2698.957680970598,29.999999999999993,8.022082457919842,2.1450173293748414,1.7056869010727507,393.13077959570546,0.3888526578942762,0.04517493699812745,3.000008853082168,6.465431499711797,1.4533135615264288,7.295524051505344,8.772179427296578e-09,2.389579181353437e-05,600.0,960.7713991841683,413.4262652131196,593.181545417135,131.58335948838703,417.444323877054,122.53815315639135,369.94706095358566,228.76351395623817,190.95576155886187,228.76351395623817,124.32873760801021,0.2729121403446563,0.009153409031417752,0.7697344218397703,1745.344926046896
4,conservative,2034,195.14168483825276,True,96.56064,241.4016,0.4888888888888889,2637.248081305437,29.999999999999996,7.870636018231816,2.121721245870923,1.6971760827408437,395.10305561154263,0.37996183977712805,0.04520856982946718,3.0000024328861192,6.469100576718232,1.4533133881597484,7.300230259350183,1.9245049998062314e-11,2.6048681021693044e-05,600.0,924.6080998529985,404.4059225871997,579.8718993400197,128.36726331606738,407.6684308784252,121.40920944711762,361.2554655968053,228.46865706010183,191.0987464312448,228.46865706010183,122.69211604587849,0.2729121403446563,0.009153409031417752,0.762642769493037,1729.2648611706547
5,conservative,2035,200.0205339618983,True,96.56064,241.4016,0.4888888888888889,2580.1748398986533,29.999999999999996,7.728398131299285,2.0996366767092334,1.6896204190489887,396.8701782577278,0.37173900554295497,0.04522797513715604,3.0000001928424025,6.471810296291503,1.4533133154207845,7.303706426870297,1.3805081522377805e-09,2.6212418392320195e-05,600.0,891.0543308996957,396.09252639017797,567.6324534289645,125.40064898629515,398.6789973397634,120.38244806676273,353.2692429156522,228.25123147322492,191.18105907987183,228.25123147322492,121.19583087782102,0.2729121403446563,0.009153409031417752,0.7561930385265097,1714.640329777229
6,conservative,2036,204.9339725385272,True,96.56064,241.4016,0.4888888888888889,2527.242901823464,29.999999999999996,7.5944297486848145,2.0786494530599247,1.6830318419964148,398.42380496358135,0.364112830092649,0.04522802463883326,3.000000222069287,6.4736218591738215,1.4533133163885048,7.306030628309323,3.127773595679173e-10,2.9588578226280772e-05,600.0,859.8448483003701,388.4094246062143,556.3379427256157,122.65612572968406,390.3908749693323,119.44555810486565,345.9118953089154,228.10603157309902,191.18126460100896,228.10603157309902,119.82376595970786,0.2729121403446563,0.009153409031417752,0.7503078815265879,1701.295949407371
7,conservative,2037,209.8776533858552,True,96.56064,241.4016,0.4888888888888889,2478.0313311083883,29.999999999999996,7.468556541632672,2.0587610679434687,1.6766792547830744,399.9333784399231,0.35702266702465024,0.045243548676887096,3.000000004807053,6.474864789562212,1.4533132995590317,7.307625394018705,3.462872655290994e-09,3.8723368710737894e-05,600.0,830.7323096771937,381.28417546973066,545.910597151287,120.11047162053156,382.7155333194126,118.58627569301025,339.1021292821959,228.00648186612923,191.24691323564994,228.00648186612923,118.55946046786548,0.2729121403446563,0.009153409031417752,0.7449102141151529,1689.0569340252605
8,conservative,2038,214.84711786979804,True,96.56064,241.4016,0.4888888888888889,2432.1779588731565,29.999999999999996,7.351612857501583,2.040132916612369,1.6680416843944177,402.00058358098187,0.3504163368132505,0.04540766418362278,3.000028048920263,6.476284342193874,1.4533135206691095,7.309446886986865,4.6539880749207896e-07,5.905181389083027e-05,600.0,803.4738078268416,374.6429820635647,536.3250856304549,117.74376787010021,375.5514474599557,117.79112285686304,332.7444602139739,227.8928589169414,191.93704982162066,227.8928589169414,117.38434168891887,0.2729121403446563,0.009153409031417752,0.7399155035852597,1677.7316087792024
9,conservative,2039,219.83781151831423,True,96.56064,241.4016,0.4888888888888889,2389.3797688896148,29.999999999999993,7.23530730851643,2.021458739275937,1.6680576918536696,401.9992928355495,0.34425018235832794,0.045130854011440305,3.0000088916956718,6.4744679715766535,1.453313434781338,7.307116239424683,1.0151271112590621e-07,3.2225462492294866e-05,600.0,778.1417148316743,368.52999705962395,527.1743715833734,115.5393621624707,369.0465038021891,117.07680422054888,326.99353487741143,228.03825762785462,190.769416591924,228.03825762785462,116.32418071499833,0.2729121403446563,0.009153409031417752,0.735428403537652,1667.5572719189145
10,conservative,2040,224.8451003855669,True,96.56064,241.4016,0.4888888888888889,2349.3428809871293,29.999999999999996,7.131470902338906,2.0046594803643885,1.6575429691569104,404.54476708695535,0.33848186283836496,0.045441324005638224,3.000043243312105,6.475059649947969,1.453313744278204,7.3078754214367265,2.5276330717360906e-07,7.921420045074878e-05,600.0,754.1985779262511,362.754174905741,518.9177780019817,113.48125038913275,362.8295348608885,116.39804951466398,321.4809702551346,227.99088036953864,192.07738338651237,227.99088036953864,115.31294137584621,0.2729121403446563,0.009153409031417752,0.7311649009316759,1657.8899341600772
11,conservative,2041,229.86428804438393,True,96.56064,241.4016,0.4888888888888889,2311.848804430588,29.999999999999993,7.029647518979508,1.9880666492139527,1.653908587630703,405.4363755229531,0.33307989917398495,0.04539863632426308,3.000023697327135,6.473536153469174,1.453313443221626,7.305920665233301,3.353142652429142e-08,7.467801476081543e-05,600.0,731.8242109049023,357.4000478814371,511.07573434540996,111.5574529430551,357.1230235876054,115.78084001874569,316.4349724507669,228.1128981764492,191.89944599468654,228.1128981764492,114.38977082504294,0.2729121403446563,0.009153409031417752,0.7272876928664876,1649.0985052830495
12,conservative,2042,234.89063307652265,True,96.56064,241.4016,0.4888888888888889,2276.676653014985,29.999999999999993,6.933013294423208,1.9722079483196016,1.6508437626375192,406.19164150453474,0.32801246715819327,0.04534171047609363,3.0000047520956787,6.4715801821186165,1.4533131632475063,7.303411208180481,3.610196586123493e-10,7.578510303149216e-05,600.0,710.7896765429639,352.3914002416338,503.7482951200643,109.75598657429843,351.7960975443967,115.20897124892437,311.72784718254684,228.26968460135456,191.6612418582598,228.26968460135456,113.5313292330548,0.2729121403446563,0.009153409031417752,0.7236953086695198,1640.9529042124846
13,conservative,2043,239.91936692347736,True,96.56064,241.4016,0.4888888888888889,2243.637056915622,29.999999999999996,6.8417285271395984,1.9571253310232706,1.6485522730122788,406.7563729905829,0.3232522833103419,0.04525769592017595,3.000003832969036,6.469487194242085,1.4533134106738397,7.3007262063596485,4.953537313667766e-08,9.42484225093023e-05,600.0,690.975909303583,347.69307625237184,496.91119128648637,108.06658823585505,346.8029210897093,114.67652655916751,307.31697005171816,228.437617819501,191.30622615934325,228.437617819501,112.72938184925303,0.2729121403446563,0.009153409031417752,0.7203508330549505,1633.3694268746458
14,conservative,2044,244.94571195561613,True,96.56064,241.4016,0.4888888888888889,2212.5780070352175,29.999999999999996,6.7561587709482005,1.9428953343569086,1.6454066620375594,407.53450521718855,0.3187774469011534,0.04523333595394175,3.0000000452105295,6.467623603746502,1.4533133083375827,7.298335700264863,3.21970521355297e-08,2.5638366636537273e-05,600.0,672.275671140714,343.27412465596046,490.5522832535998,106.48099141921617,342.10061416584864,114.17812137311712,303.1619944468876,228.58728781886018,191.20373835637213,228.58728781886018,111.97630917064126,0.2729121403446563,0.009153409031417752,0.7172200059072781,1626.2703896983437
15,conservative,2045,249.96489961443308,True,96.56064,241.4016,0.4888888888888889,2183.323834295057,29.999999999999996,6.674705331531065,1.9292659131395993,1.6418583133029996,408.41526594372675,0.3145626483866325,0.045244314100177714,3.0000000014783317,6.465434716014036,1.4533132987169453,7.295528176614647,3.548656302143627e-08,4.115795275594944e-05,600.0,654.6363232974384,339.1224896641346,484.5816402511794,104.98979652872386,337.6917299755962,113.71379381449128,299.26878238830784,228.76325525687875,191.25014914547245,228.76325525687875,111.27254992916392,0.2729121403446563,0.009153409031417752,0.7143032863971688,1619.6568338364352
16,conservative,2046,254.9721884816858,True,96.56064,241.4016,0.4888888888888889,2155.755356285366,29.999999999999996,6.59710004937895,1.9162028140733107,1.6385257304879282,409.2459223520454,0.3105907165465181,0.045255651425986754,3.000000116897414,6.462929851663886,1.4533132888199385,7.292315711050873,1.7471974089744435e-08,4.6282048228106094e-05,600.0,637.9856537003952,335.2204096697126,478.9695455886335,103.58655041770353,333.55697891883585,113.28100918158101,295.62013518127105,228.9648526586971,191.2980579118089,228.9648526586971,110.61464687385791,0.2729121403446563,0.009153409031417752,0.7115847064759334,1613.4925523167908
17,conservative,2047,259.96288213020193,True,96.56064,241.4016,0.4888888888888889,2129.7491784173194,29.999999999999993,6.523214048053243,1.9036941856134217,1.63501950722212,410.1233963924292,0.30684387329033763,0.045287799319871466,3.0000011029450557,6.46019667031286,1.4533132533634294,7.288810842279412,2.7910827427035656e-08,5.094849928313964e-05,600.0,622.2517298667741,331.54777404400846,473.6921745240903,102.26463780419296,329.6724987033836,112.8767708970489,292.19432696257047,229.18510386859202,191.4338229359337,229.18510386859202,109.99840011253589,0.2729121403446563,0.009153409031417752,0.7090454305396977,1607.7348360897458
18,conservative,2048,264.9323466141448,True,96.56064,241.4016,0.4888888888888889,2105.195288049642,29.999999999999996,6.452155931130999,1.891597307988782,1.6321738429986483,410.8385786481499,0.30330626853334774,0.045294443461715406,3.000000081584409,6.45691917086723,1.4533131994704869,7.284608538185074,5.2064326183653975e-08,5.56208684928308e-05,600.0,607.389263849648,328.0957757995049,468.69953492977845,101.01817141067366,326.03711341904454,112.50078407677505,288.99223300942697,229.44960217093643,191.4620384280276,229.44960217093643,109.42360282634912,0.2729121403446563,0.009153409031417752,0.7066836098323227,1602.3794931677064
19,conservative,2049,269.8760274614728,True,96.56064,241.4016,0.4888888888888889,2081.9932575966573,29.999999999999996,6.384371704788203,1.8799955417319567,1.6302625357822056,411.3196535313481,0.29996343315886254,0.045258861501770394,3.000004378213826,6.453448601719181,1.4533134271547266,7.280159358699794,9.218661389809313e-08,6.34726754263006e-05,600.0,593.3244244844435,324.84159683358973,463.99341155339056,99.84179169927799,322.6171596132368,112.14894794778287,285.9818247122124,229.7301384494199,191.31108358201632,229.7301384494199,108.8843462994938,0.2729121403446563,0.009153409031417752,0.7044736304851108,1597.3684450309927
20,conservative,2050,274.7894660381017,True,96.56064,241.4016,0.4888888888888889,2060.0521031780418,29.999999999999996,6.320513782750331,1.8690093049759369,1.6279726837564295,411.89752266528546,0.29680225865319965,0.045252031154846675,3.0000093262368064,6.450248018233842,1.4533136031935663,7.276056906606581,6.286101772445818e-08,7.762966978632834e-05,600.0,579.9851734004241,321.7616525640285,459.5834342269376,98.73065375675338,319.3756422008265,111.81686230554321,283.1275414170465,229.98926852268124,191.28158044574332,229.98926852268124,108.37419495392848,0.2729121403446563,0.009153409031417752,0.7023876899506669,1592.6386504102384
21,conservative,2051,279.6683151617472,True,96.56064,241.4016,0.4888888888888889,2039.2890308016463,29.999999999999996,6.259885138624221,1.8585271569450676,1.625614178178506,412.49506243167207,0.29381081646181667,0.045256643527597465,3.0000097444949922,6.447074356751858,1.4533136107773117,7.271989543071856,5.847059725283543e-09,9.827271309858507e-05,600.0,567.3377724231066,318.8496360497316,455.4311770344095,97.68035855385754,316.31231748800144,111.50444276760119,280.43068801501653,230.2466153096088,191.30102373025017,230.2466153096088,107.8931512800085,0.2729121403446563,0.009153409031417752,0.7004252021439403,1588.1887803788159
22,conservative,2052,284.50835385341065,True,96.56064,241.4016,0.4888888888888889,2019.6416885967387,29.999999999999996,6.202674598294862,1.848589327654193,1.6239983378990528,412.9067833871636,0.290980123231314,0.04522648001358641,3.0000003134932416,6.444118824522999,1.4533133198518502,7.268202253494183,8.478185264948479e-09,2.103068492717549e-05,600.0,555.33343277005,316.0924032551711,451.53287126279054,96.68756723119998,313.408511480425,111.20943639831569,277.8736224113463,230.48663003901893,191.17472373600822,230.48663003901893,107.43796054207603,0.2729121403446563,0.009153409031417752,0.6985719532188569,1583.9866055554978
23,conservative,2053,289.3055011257748,True,96.56064,241.4016,0.4888888888888889,2001.0147810892995,29.999999999999996,6.147604633879618,1.8389799442788661,1.6219698222193477,413.4231901553285,0.28829644925462017,0.04522706291785407,3.000000276317162,6.440835543654461,1.4533133184683817,7.263995566321311,1.9639294634998805e-09,2.6379812025350836e-05,600.0,543.9538336250994,313.48830594314023,447.83047721989726,95.74730042927882,310.6762729038639,110.93322192892366,275.470264652525,230.75366376496012,191.17719244133158,230.75366376496012,107.01080876981307,0.2729121403446563,0.009153409031417752,0.6968368868305164,1580.052405354334
24,conservative,2054,294.05582872017504,True,96.56064,241.4016,0.4888888888888889,1983.3567688187904,29.999999999999996,6.095151794134804,1.8297871318839347,1.6200728051474502,413.9072900298741,0.28575236897765643,0.04522669894233824,3.000000248614563,6.437550245313865,1.4533133176247799,7.259786912845887,2.4158453015843406e-12,2.990431818277055e-05,600.0,533.1499215410532,311.02272458340053,444.33278031094443,94.85681086747678,308.09185066362016,110.67299542829575,273.1976561611367,231.02128696722966,191.17565742823973,231.02128696722966,106.60757256737847,0.2729121403446563,0.009153409031417752,0.6952022505495039,1576.34592678452
25,conservative,2055,298.7555727170641,True,96.56064,241.4016,0.4888888888888889,1966.608142428412,29.999999999999996,6.045158056823067,1.8209884093557132,1.6182079971092143,414.38428153977424,0.28333930858256534,0.045230517171154824,3.000000186721473,6.4342639436057025,1.4533133143635732,7.255577592849843,1.3857892611213174e-10,3.297223163027195e-05,600.0,522.8881931666438,308.6871088226894,441.0256162812973,94.01296630299312,305.6461717556372,110.4276853751108,271.047772181011,231.2894185091602,191.1918051731169,231.2894185091602,106.22671789921422,0.2729121403446563,0.009153409031417752,0.6936613121058839,1572.851904667782
26,conservative,2056,303.4011439587491,True,96.56064,241.4016,0.4888888888888889,1950.7142863729352,29.999999999999993,5.997459118114286,1.8125595829243344,1.616305727986407,414.8719974333005,0.2810493993279902,0.045242074514380705,3.000000063383119,6.4309670310000335,1.453313302876468,7.251355303438141,2.6902569061348913e-10,3.5182524415709354e-05,600.0,513.1380153300046,306.47384112699194,437.89546392562926,93.21289747616174,303.331408320032,110.19637374502169,269.0137504982039,231.5588454338577,191.24067440337785,231.5588454338577,105.86692938469496,0.2729121403446563,0.009153409031417752,0.6922083020888069,1569.5572570739548
27,conservative,2057,307.98913723739133,True,96.56064,241.4016,0.4888888888888889,1935.6246124114934,29.999999999999993,5.951946969850125,1.804485877297859,1.6143090473959012,415.3851431688058,0.27887535270694264,0.045264215456168926,3.000000023392784,6.4276750148064234,1.453313271678769,7.247139905927759,4.35617231175911e-09,3.646696116232434e-05,600.0,503.8699130994323,304.3753459764436,434.93143976868697,92.45395235498458,301.1391534190356,109.97808377456025,267.0880702645549,231.82830248251503,191.33427045230846,231.82830248251503,105.52679267445399,0.2729121403446563,0.009153409031417752,0.6908370794352398,1566.448059365005
28,conservative,2058,312.51633921558044,True,96.56064,241.4016,0.4888888888888889,1921.2921675463651,29.999999999999996,5.908560449064592,1.7967604629238974,1.6120964793353867,415.95509083800573,0.2768104039605347,0.04530344613835103,3.000001174384944,6.424424769027894,1.4533132066220014,7.242978603809917,1.6925548962376524e-08,3.718348019335886e-05,600.0,495.0556270436304,302.3841301159128,432.1248335958095,91.73367461687035,299.06057532324155,109.77179701752992,265.2627147808688,232.09476322613634,191.49995371014919,232.09476322613634,105.20482114478936,0.2729121403446563,0.009153409031417752,0.6895412400229849,1563.5097904257711
29,conservative,2059,316.97973506097327,True,96.56064,241.4016,0.4888888888888889,1907.6731828784539,29.999999999999996,5.867140314623259,1.7893586764722966,1.609558495135002,416.609942645833,0.27484824707927735,0.045365953773662794,3.000008624115225,6.421193926168416,1.453313157956244,7.238842742589516,4.029923239556865e-08,3.856640876926642e-05,600.0,486.67100055732726,300.4944159724365,429.464197122705,91.04977941187356,297.0901057985613,109.57687441745047,263.5328947892065,232.36005036779494,191.76322424960776,232.36005036779494,104.90009447659386,0.2729121403446563,0.009153409031417752,0.688316793442419,1560.7334021469435
30,conservative,2060,321.3765137903132,True,96.56064,241.4016,0.4888888888888889,1894.7271345331628,29.999999999999996,5.827149042084188,1.7821873917775917,1.6076226384419396,417.1104680290493,0.27298304358098324,0.045399594427985836,3.0000168615183,6.4177389425072615,1.453313206162124,7.234420615489204,3.646345803076656e-08,4.0540050652986744e-05,600.0,478.70157275056374,298.7054825628187,426.92629128031456,90.40015504639543,295.23281509374345,109.39390705642597,261.90447518028896,232.64420296940315,191.90437042649924,232.64420296940315,104.613540965631,0.2729121403446563,0.009153409031417752,0.6871674906326987,1558.1273996472214
31,conservative,2061,325.704072331395,True,96.56064,241.4016,0.4888888888888889,1882.4170430552194,29.999999999999993,5.788390481274769,1.7752136366923261,1.6071090606155407,417.24562391075557,0.27120946564611226,0.04535705600623108,3.0000034775936895,6.414000099522336,1.4533130375476768,7.229635938408217,2.1692500240533263e-08,3.954905869254747e-05,600.0,471.1272956137438,297.01321159932354,424.4999479226808,89.78287672370516,293.4856585355225,109.22257636353096,260.37508099884764,232.9522394285881,191.7262709374497,232.9522394285881,104.34469356215386,0.2729121403446563,0.009153409031417752,0.6860911821497484,1555.686909140004
32,conservative,2062,329.960018324043,True,96.56064,241.4016,0.4888888888888889,1870.7066420538147,29.999999999999993,5.751306662554605,1.7685193306397093,1.6073456817412035,417.1840037390553,0.26952228818997426,0.045276502665287384,3.000004890391487,6.410283806806468,1.4533134098334815,7.224880911493689,4.252556173867106e-08,4.027361265103663e-05,600.0,463.9160303227541,295.40599875856816,422.19489561917095,89.19606350275647,291.8289889236246,109.06057611499315,258.92560236914136,233.25897353095826,191.38558816258342,233.25897353095826,104.09014446895698,0.2729121403446563,0.009153409031417752,0.6850737388869791,1553.3798933877777
33,conservative,2063,334.14217169275435,True,96.56064,241.4016,0.4888888888888889,1859.5632294138227,29.999999999999996,5.716425073744613,1.7622028492239237,1.6064825722230422,417.4069245796669,0.26791679965133397,0.04526100472875696,3.000013645988821,6.406948747555129,1.4533137349893954,7.2206143480280955,1.0882556367164398e-07,4.393418626958288e-05,600.0,457.036410309024,293.87185497030305,420.0235720392627,88.63802038206062,290.2416271276442,108.90553036618178,257.5353203736269,233.5347141247148,191.31896102383737,233.5347141247148,103.84629430465627,0.2729121403446563,0.009153409031417752,0.6840999582396793,1551.1718810349128
34,conservative,2064,338.248565034208,True,96.56064,241.4016,0.4888888888888889,1848.9566342073038,29.999999999999996,5.683457155091267,1.7562151590934119,1.6051071967988586,417.7652266929404,0.26638865315005933,0.04527687149556587,3.0000090733222464,6.403881200275462,1.4533135493903553,7.216690575548795,1.4762131606005369e-07,4.879607712947534e-05,600.0,450.47518717013367,292.4089241307079,417.9723227568168,88.10718556853968,288.7243807907884,108.7575914092774,256.2056132033483,233.78873255173625,191.3866135187893,233.78873255173625,103.6133582377935,0.2729121403446563,0.009153409031417752,0.6831705790293431,1549.0645473323916
35,conservative,2065,342.2774428722358,True,96.56064,241.4016,0.4888888888888889,1838.8577355546247,29.999999999999996,5.652061380850742,1.7504968287033875,1.6040661977557507,418.03691101310187,0.2649336530918565,0.045276936676542555,3.0000050180365547,6.40093137867785,1.4533134129742118,7.212917895768789,1.2064525201083143e-07,5.588770620616946e-05,600.0,444.22074167816027,291.01614803743416,416.0262660315566,87.60205561553744,287.2797139616347,108.61702697419706,254.93950744030062,234.03336051014475,191.38740645910985,234.03336051014475,103.39178288203792,0.2729121403446563,0.009153409031417752,0.682287546861574,1547.0623038704605
36,conservative,2066,346.22725984103323,True,96.56064,241.4016,0.4888888888888889,1829.2397047440545,29.999999999999996,5.622129781817019,1.745030367644505,1.6031872054527299,418.2663062202071,0.26354793412680244,0.045270831544234974,3.0000036211380072,6.398080239422251,1.4533133796108206,7.209271898220834,7.004144997324602e-08,6.466553185284577e-05,600.0,438.257969975525,289.6901088273742,414.1784204577154,87.12124697160155,285.9044645100036,108.4834938675728,253.7343202710235,234.2701391584301,191.36177803111147,234.2701391584301,103.18106211272148,0.2729121403446563,0.009153409031417752,0.6814487310932562,1545.1603194930146
37,conservative,2067,350.09667786430396,True,96.56064,241.4016,0.4888888888888889,1820.0774409790754,29.999999999999996,5.593542253526242,1.7397957754145823,1.6023156497399773,418.49377775153766,0.26222787985456975,0.045267149270165286,3.0000038949133745,6.395298211084985,1.4533133962334503,7.205714726129713,2.9375817334198473e-08,7.433218167857834e-05,600.0,432.57302326115973,288.427841616056,412.4217305715236,86.66346714165172,284.5961800224313,108.356738789024,252.58805131141565,234.50149577620735,191.34617797425696,234.50149577620735,102.98081729666619,0.2729121403446563,0.009153409031417752,0.6806525155603755,1543.3549296066803
38,conservative,2068,353.88456240366537,True,96.56064,241.4016,0.4888888888888889,1811.3457400969605,29.999999999999993,5.5651096793942845,1.7345762764960568,1.6014137358667004,418.72380557813625,0.26096985898233166,0.04527045234621545,3.000044498748775,6.391916976021813,1.4533147536409134,7.2013919878173045,1.7808531538321404e-08,9.402467514797281e-05,600.0,427.1727885469421,287.23911594208687,410.7161095083577,86.22742273172877,283.38067388733543,108.23965575936055,251.52716907526204,234.78310600999228,191.3549603595971,234.78310600999228,102.79550163506791,0.2729121403446563,0.009153409031417752,0.679917683119158,1541.6887236577397
39,conservative,2069,357.5899778540019,True,96.56064,241.4016,0.4888888888888889,1803.037644147467,29.999999999999996,5.5399613288870375,1.7299485638244234,1.6004943786051375,418.9705407804354,0.25977286904255636,0.04527218393206748,3.000000020936644,6.389816813659571,1.453313255793804,7.198707364710507,6.328315471648693e-08,1.7247476311754947e-05,600.0,421.98640302230604,286.0853971675532,409.1572621064982,85.81273485921362,282.1736047726903,108.12286540220639,250.46686200724255,234.95825458864832,191.3679539413713,234.95825458864832,102.61071378777672,0.2729121403446563,0.009153409031417752,0.6791833533971403,1540.0236576063792
40,conservative,2070,361.21218216657013,True,96.56064,241.4016,0.4888888888888889,1795.107047669974,29.99999999999999,5.514700218573292,1.7252895050308819,1.5997709008944896,419.15998098061,0.2586302673853674,0.045268051119051515,3.0000002666774237,6.387042398742066,1.45331327259526,7.195161234944976,4.957621690948599e-08,1.833415130143276e-05,600.0,417.06023424076966,284.99912569156646,407.63489551169175,85.41707406565605,281.054506233358,108.01525673776179,249.48809193484345,235.18990965576285,191.3504529702906,235.18990965576285,102.44012136740632,0.2729121403446563,0.009153409031417752,0.6785074078866759,1538.490975640366
41,nominal,2030,312.9344482485471,True,96.56064,241.4016,0.4888888888888889,1919.9953014775974,29.999999999999996,5.904628134303109,1.7960588743568398,1.6118714697506435,416.0131135252384,0.2766235578231059,0.045308418159176356,3.0000014820449903,6.42412527009008,1.4533131991825872,7.242595184601937,1.8789309663702625e-08,3.725709981020497e-05,600.0,494.2575030205064,302.2040374901843,431.8713362214936,91.66852860483236,298.87264347363435,109.75317825709027,265.097696687451,232.1193378277965,191.5209314109493,232.1193378277965,105.17573532029019,0.2729121403446563,0.009153409031417752,0.6894242811054158,1563.244590315781
42,nominal,2031,322.66674649083257,True,96.56064,241.4016,0.4888888888888889,1891.0131304460301,29.99999999999999,5.815518940408751,1.780097251084593,1.6073300076619577,417.18670675526545,0.2724479479880089,0.045394502270004584,3.000014707635599,6.416651269338348,1.4533131713884346,7.23302861448549,2.991285619202699e-08,4.055060894267569e-05,600.0,476.4162756946205,298.1941525198413,426.19519512353065,90.21387504404105,294.70405217159663,109.34197951595725,261.4414004472377,232.73375663855185,191.88312137028035,232.73375663855185,104.53210896449063,0.2729121403446563,0.009153409031417752,0.6868412867659788,1557.3877441927132
43,nominal,2032,332.3954606822468,True,96.56064,241.4016,0.4888888888888889,1864.174539332155,29.999999999999996,5.730802910950984,1.764808766433807,1.6070122649581648,417.2695369048427,0.2685811746916543,0.04525782781897047,3.000012242357153,6.408299819065536,1.453313692988374,7.222342706195065,7.815779490272234e-08,4.2308082099083075e-05,600.0,459.88554542256037,294.50736863795976,420.91922523686094,88.86890450109325,290.90001903250385,108.96981521749333,258.1121687472866,233.42295445035953,191.30571119176852,233.42295445035953,103.94743005765005,0.2729121403446563,0.009153409031417752,0.6845037495765401,1552.0874632681816
44,nominal,2033,342.1027074770989,True,96.56064,241.4016,0.4888888888888889,1839.2896003071392,29.999999999999996,5.653404452149773,1.7507417764347226,1.6041066250877527,418.0263595235788,0.26499587405888025,0.04527716082141163,3.0000051325558124,6.401058320799558,1.453313416293953,7.213080238396612,1.2267122784237472e-07,5.55351289367551e-05,600.0,444.48834248147654,291.0757012755346,416.109357892946,87.62365084672177,287.341484505861,108.62303119802101,254.99364203884036,234.02282599176073,191.38833931661537,234.02282599176073,103.40125247534635,0.2729121403446563,0.009153409031417752,0.6823252644878887,1547.1478272222075
45,nominal,2034,351.770761094457,True,96.56064,241.4016,0.4888888888888889,1816.1904995269301,29.999999999999996,5.581378123917773,1.7375643762922106,1.601923596348372,418.5961274628266,0.26166786828958566,0.04526692375672706,3.00000441159045,6.394089698860104,1.453313414027466,7.204169629342475,1.7384031991696247e-08,7.874192623811401e-05,600.0,430.1601445886505,287.89279412725057,411.6771006460672,86.46933382971993,284.04207401887226,108.30314180258765,252.10268399700269,234.60209484064526,191.34515881027394,234.60209484064526,102.89607778902683,0.2729121403446563,0.009153409031417752,0.6803158496411036,1542.5915518268873
46,nominal,2035,361.38218207552205,True,96.56064,241.4016,0.4888888888888889,1794.7396249182561,29.999999999999993,5.51352791601234,1.7250730313891436,1.5997376142047994,419.1686999894069,0.25857733090748786,0.04526785033071764,3.0000002860129964,6.386912195139462,1.453313273641646,7.1949948254635645,4.8992017553928235e-08,1.8384073557001136e-05,600.0,416.8319282845269,284.94882361380337,407.56441311575463,85.39874756945173,281.0027083641576,108.01028124667484,249.44279578444636,235.20078896407324,191.34960176078485,235.20078896407324,102.4322296255027,0.2729121403446563,0.009153409031417752,0.6784761543869708,1538.4201094616121
47,nominal,2036,370.91994161589054,True,96.56064,241.4016,0.4888888888888889,1774.7818586768503,29.999999999999996,5.449619429252324,1.7132368700373437,1.597892024821437,419.65255901267733,0.2557019132959703,0.045259536658261344,3.000002338753324,6.379632832382077,1.4533133575388175,7.1856928188748705,2.6286008036890962e-08,2.1117078203738547e-05,600.0,404.41973856008235,282.21943184023417,403.7434152123803,84.40386839637262,278.19498477534927,107.74126129128793,246.98827286562803,235.81012627980385,191.3141976145209,235.81012627980385,102.00499515421323,0.2729121403446563,0.009153409031417752,0.6767863207641649,1534.5884729182203
48,nominal,2037,380.3675396150067,True,96.56064,241.4016,0.4888888888888889,1756.2056844204294,29.99999999999999,5.389753953518421,1.7020863776638753,1.5960533714398943,420.1355876497516,0.2530255487186204,0.04525942674886991,3.000005274122249,6.372500548216415,1.453313456343276,7.176581687143847,1.783208958272553e-08,2.3747242043312905e-05,600.0,392.84660990370145,279.6838588751882,400.2011931884509,83.47889556729274,275.59129593358296,107.49297503061297,244.71339712700578,236.40925858132655,191.31335863891914,236.40925858132655,101.60974694951372,0.2729121403446563,0.009153409031417752,0.6752267344283117,1531.0521673811659
49,nominal,2038,389.7091147487687,True,96.56064,241.4016,0.4888888888888889,1738.9019683026759,29.999999999999993,5.33362594010264,1.6915756372651845,1.5942169420780723,420.6191064080356,0.2505325137031854,0.045267070455311566,3.0000084753396656,6.365516972033891,1.4533135503602133,7.167663329470611,1.597597076852253e-08,2.660759801343142e-05,600.0,382.0489972334067,277.32662542547973,396.9133182502728,82.61818564884314,273.1752936866441,107.26362961703778,242.60374523354008,236.99792852983833,191.34526052556726,236.99792852983833,101.24382402169029,0.2729121403446563,0.009153409031417752,0.6737861242935924,1527.78563607153
50,nominal,2039,398.9295450753591,True,96.56064,241.4016,0.4888888888888889,1722.7708594245864,29.999999999999993,5.281894909670906,1.6818392045453514,1.5923013111895166,421.125232886204,0.2482084222191829,0.045285127393815565,3.000007782322921,6.359274413941078,1.453313485259262,7.159693636588833,8.432721188000869e-11,3.739164469515083e-05,600.0,371.9529700035867,275.1222031516613,393.88521002392105,81.81659111620061,270.90682793116355,107.04874459330316,240.62075095232484,237.52584272375137,191.42167618330723,237.52584272375137,100.90045979681248,0.2729121403446563,0.009153409031417752,0.6724362745934809,1524.7249007605321
51,nominal,2040,408.0145379210378,True,96.56064,241.4016,0.4888888888888889,1707.7255189754273,29.999999999999996,5.232700656876118,1.6725359002860318,1.5906920279773262,421.55088817508306,0.24604076295433813,0.04529341532120576,3.0000105708726723,6.352764271485276,1.4533135551861411,7.151384687597674,3.994678365870641e-09,3.877320848723267e-05,600.0,362.53398035877905,273.0778110477618,391.05031431507354,81.0696400674835,268.81613200109524,106.85182142549158,238.7964839784188,238.0781096541219,191.4563535934681,238.0781096541219,100.58501144419803,0.2729121403446563,0.009153409031417752,0.6711993163769232,1521.9201428001943
52,nominal,2041,416.95070805300065,True,96.56064,241.4016,0.4888888888888889,1693.6835962037405,29.999999999999996,5.187590834890319,1.663966523304393,1.5867749188652553,422.5927306117246,0.2440176712140657,0.04543795037034499,3.000002031902477,6.347114984889286,1.4533123890377635,7.144176408506117,1.1439775171595556e-07,3.9676865551452334e-05,600.0,353.714110417817,271.1602369812107,388.4424396988889,80.37310806332115,266.8430618061796,106.66620872108365,237.0719169514318,238.55878065878915,192.06840008713883,238.55878065878915,100.28731717519132,0.2729121403446563,0.009153409031417752,0.6700328358586312,1519.2751904683662
53,nominal,2042,425.725643421061,True,96.56064,241.4016,0.4888888888888889,1680.5691851751803,29.999999999999996,5.143445381630351,1.6555442432759548,1.5842460398985367,423.26483122586933,0.24212821084159342,0.04551238227793339,3.0000195388803594,6.340466620652155,1.4533121850120865,7.135695665989771,5.026813187924972e-07,4.6068231208565165e-05,600.0,345.49641755606973,269.39400692556313,385.9624361416743,79.72311191006392,265.0544960998981,106.49943234472455,235.51581567374396,239.1261697247593,192.38078199548755,239.1261697247593,100.01894557133595,0.2729121403446563,0.009153409031417752,0.6689851219905381,1516.8995372148001
54,nominal,2043,434.32795802938244,True,96.56064,241.4016,0.4888888888888889,1668.3163321718391,29.999999999999996,5.1004670567801735,1.647309730394891,1.5854140373407526,422.95428897440854,0.24036287954694943,0.04538102561217869,3.000010438057504,6.333043219740078,1.4533131226811193,7.126229241657617,2.2761402362903027e-07,4.5389936226487194e-05,600.0,337.83278356987796,267.7652048215003,383.6088008963602,79.11628008947282,263.43043530347336,106.3492725718145,234.10927091980213,239.76189816820184,191.82670138097282,239.76189816820184,99.77655166943543,0.2729121403446563,0.009153409031417752,0.6680423117921429,1514.7617492332504
55,nominal,2044,442.74733177469426,True,96.56064,241.4016,0.4888888888888889,1656.86116939117,29.999999999999996,5.061357492974724,1.6397862619680823,1.5850209399566213,423.0541765722959,0.23871247556867256,0.045343464462644534,3.000045953624468,6.326715634744105,1.4533145393258529,7.118162685439763,1.8272139357122796e-10,5.278762986668429e-05,600.0,330.6400715254372,266.229603596219,381.4493996536219,78.54936012550012,261.8833001268888,106.20594318818601,232.76528545495145,240.30561957072265,191.6633914526274,240.30561957072265,99.54520642306333,0.2729121403446563,0.009153409031417752,0.6671426259687914,1512.7217442103881
56,nominal,2045,450.9745373500204,True,96.56064,241.4016,0.4888888888888889,1646.1488880579125,29.999999999999993,5.025936443823465,1.6329473192174766,1.5833271761044316,423.5079671616953,0.23716910232576555,0.045381581826293954,3.000037251250594,6.321489592996776,1.4533140202437298,7.11150211467413,3.562121833056153e-07,5.867519186076552e-05,600.0,323.8861890510346,264.77968455031277,379.471112853707,78.0195615762172,260.40521997878295,106.0688228273079,231.4769596512092,240.7559666562918,191.8256235365465,240.7559666562918,99.32380849771906,0.2729121403446563,0.009153409031417752,0.6662810535425993,1510.7681599353316
57,nominal,2046,459.0014545557154,True,96.56064,241.4016,0.4888888888888889,1636.1259468153767,29.999999999999993,4.993051356660674,1.626576766649257,1.5823621371958956,423.76738956157106,0.23572504584071663,0.0453815155277268,3.0000292047377157,6.31671854999606,1.4533137501148645,7.105422789677515,2.868076702355893e-06,6.789395636430057e-05,600.0,317.55518182387726,263.4200108488323,377.6348255450543,77.52416837651538,259.01517280936906,105.93999741569404,230.26440441971695,241.16811944278962,191.82637230398953,241.16811944278962,99.11563744402775,0.2729121403446563,0.009153409031417752,0.6654717011944035,1508.9329827960119
58,nominal,2047,466.82107257661187,True,96.56064,241.4016,0.4888888888888889,1626.7444886818791,29.999999999999996,4.96259729639935,1.6206580231069925,1.5817207103937425,423.94027730725537,0.23437341111303817,0.04536607637268592,3.000021847926861,6.312424537011871,1.4533136018699393,7.099952405038764,2.818357236478164e-06,8.17288146097871e-05,600.0,311.61777943260597,262.1434551945878,375.93153872161906,77.06075573209569,257.70517796192706,105.8186444419087,229.1204779805841,241.53989393992524,191.76205193025822,241.53989393992524,98.9194272994964,0.2729121403446563,0.009153409031417752,0.6647093436808534,1507.2043647423616
59,nominal,2048,474.4274809708786,True,96.56064,241.4016,0.4888888888888889,1617.9704959073742,29.999999999999996,4.9340824405113,1.6150992166663392,1.581906330026814,423.8935430548886,0.2331092970312329,0.04530627023941123,3.000000541267,6.3083470006875855,1.4533131754066366,7.0947587686204505,4.5088022204708977e-10,1.8951500626867634e-05,600.0,306.0538559041037,260.95007399547507,374.34332844724656,76.627590892678,256.4808967754979,105.70548111013049,228.05151643259921,241.89365636959104,191.5119721609596,241.89365636959104,98.73624473064558,0.2729121403446563,0.009153409031417752,0.6639983031772334,1505.5921061503125
60,nominal,2049,481.8158502698516,True,96.56064,241.4016,0.4888888888888889,1609.7438216389278,29.999999999999996,4.906558300821005,1.6097187439975262,1.5809923641641945,424.138620371364,0.23192403793011002,0.04531424415047228,3.0000003572196974,6.303957811980809,1.453313139260462,7.089169226260923,3.74171094108533e-09,2.4442612987204518e-05,600.0,300.84812371512726,259.8409167865011,372.83806614013344,76.22165894427201,255.35447248386953,105.60196938319706,227.070869697374,242.2752547841858,191.5457018020665,242.2752547841858,98.5683082803276,0.2729121403446563,0.009153409031417752,0.6633480686359081,1504.117722875715
61,nominal,2050,488.98240320715314,True,96.56064,241.4016,0.4888888888888889,1602.0365403149738,29.999999999999993,4.880772263553515,1.604664330485615,1.580049196245684,424.3918266074648,0.23081361043097243,0.045326759405213975,3.000000158713491,6.299810325190311,1.4533130801709568,7.083888487947407,8.582453858707595e-09,2.9165933531057865e-05,600.0,295.9660721014652,258.8018719293909,371.43245439543597,75.84154243805473,254.29917054948442,105.50515912980372,226.1521398933218,242.63660126467948,191.59862980011457,242.63660126467948,98.41109681869008,0.2729121403446563,0.009153409031417752,0.6627399195593483,1502.7387668683734
62,nominal,2051,495.92437767983176,True,96.56064,241.4016,0.4888888888888889,1594.8138002132002,29.999999999999996,4.85659116506879,1.599912361465959,1.5791224665985313,424.64090494058377,0.22977299326766656,0.04534103241024683,3.000000030295244,6.295880784818872,1.4533130080370644,7.07888614482006,1.2172941765697942e-08,3.284638640257454e-05,600.0,291.3867946132925,257.8284298224487,370.11881940345427,75.48548755070789,253.3106732355451,105.41463172028897,225.29163029132732,242.97964404368045,191.6589789620698,242.97964404368045,98.26395405224827,0.2729121403446563,0.009153409031417752,0.6621712308226422,1501.4492857526166
63,nominal,2052,502.6399825951555,True,96.56064,241.4016,0.4888888888888889,1588.0432484971368,29.99999999999999,4.833767040985148,1.5954161964797158,1.5782902770975522,424.86480854917573,0.22879752520132213,0.04535258252094102,3.0000000160429625,6.292061111984674,1.4533129464168197,7.074024500812544,2.773301766012537e-08,3.5884513212978493e-05,600.0,287.09257468552454,256.9179515066392,368.88684393732956,75.15186873601382,252.38840186601877,105.33038539386216,224.48936221732473,243.31373574763936,191.7078037217691,243.31373574763936,98.1268605853287,0.2729121403446563,0.009153409031417752,0.661642002099805,1500.2492787892872
64,nominal,2053,509.1283477763025,True,96.56064,241.4016,0.4888888888888889,1581.6949685600694,29.999999999999996,4.812208462337448,1.5911595794256257,1.5775675835125802,425.05943303919753,0.22788289599316872,0.04536036148299899,3.000000077716205,6.288344537473497,1.4533129041615027,7.069294870819189,7.019751890879888e-08,3.840464240266448e-05,600.0,283.06496455799174,256.0662918953053,367.73072431626036,74.8391849384368,251.52803876035006,105.25199531132891,223.74154671196825,243.63941714098002,191.7406779289438,243.63941714098002,97.99915044876222,0.2729121403446563,0.009153409031417752,0.6611495687366516,1499.1327039715186
65,nominal,2054,515.38946909148,True,96.56064,241.4016,0.4888888888888889,1575.7412134066647,29.999999999999996,4.791850946549471,1.5871313519960826,1.576948373728875,425.2262938956717,0.2270251079914611,0.045364519367839216,3.0000003909022697,6.284738706156716,1.4533128899636563,7.064706915942472,1.5964738508955634e-07,4.05771715261254e-05,600.0,279.2865353733475,255.2693534743351,366.6456487341193,74.54604584617559,250.7250161192894,105.17900602513856,223.04410248793056,243.95596802632426,191.75821349356548,243.95596802632426,97.88011064951851,0.2729121403446563,0.009153409031417752,0.6606910737286269,1498.0930831449468
66,nominal,2055,521.4241499375543,True,96.56064,241.4016,0.4888888888888889,1570.1562256295197,29.999999999999996,4.772624651668147,1.5833191126692236,1.5764287723224486,425.3663123023666,0.22622045019457823,0.045365120323156614,3.0000013712866545,6.281243846297077,1.4533129193044845,7.060260858630402,3.210137151654635e-07,4.257147528853996e-05,600.0,275.7412132520729,254.5234557307237,365.626918830088,74.27116249864181,249.97536539759705,105.11102648398341,222.39351449885513,244.26331750051648,191.76062843060006,244.26331750051648,97.76912685144414,0.2729121403446563,0.009153409031417752,0.6602640676587267,1497.1248623452193
67,nominal,2056,527.2339401550083,True,96.56064,241.4016,0.4888888888888889,1564.9160695658431,29.999999999999996,4.754447313304015,1.579707813628547,1.5760132611732067,425.4781205317511,0.2254654740689768,0.04536179439280661,3.0000037567285243,6.2778480038762945,1.4533130194492447,7.055941428875198,5.853510121056615e-07,4.456628762493406e-05,600.0,272.4142628347187,253.82539466446104,364.66974929910486,74.01333856620917,249.2758774343655,105.04774756651902,221.78699828228443,244.56246997946957,191.7462646239384,244.56246997946957,97.66571070116414,0.2729121403446563,0.009153409031417752,0.6598666210973322,1496.2236666605484
68,nominal,2057,532.8210733800332,True,96.56064,241.4016,0.4888888888888889,1559.9984818259888,29.999999999999996,4.737231223270675,1.5762811401984091,1.575709149901418,425.55953903997147,0.2247569720140713,0.04535404703308272,3.000008681605686,6.274532004774142,1.4533132296457933,7.051724185922181,9.858855953837065e-07,4.677092683387262e-05,600.0,269.2920931994786,253.17233056772483,363.7694343892203,73.77146259688116,248.62387834487467,104.9889168359251,221.22227709080227,244.85507579646617,191.7128867583431,244.85507579646617,97.56946146288544,0.2729121403446563,0.009153409031417752,0.6594971660985175,1495.3859408303292
69,nominal,2058,538.1884037558578,True,96.56064,241.4016,0.4888888888888889,1555.3827455675196,29.999999999999993,4.720896980876551,1.5730242571292379,1.5755134736963854,425.61114226936775,0.2240919592482545,0.045341988675665856,3.000017496519821,6.271279264543737,1.4533135903747254,7.047587997466022,1.5428314164012136e-06,4.940867358325362e-05,600.0,266.3619936021129,252.56159468830572,362.9216849226506,73.5445014848079,248.01682080421284,104.93429343684244,220.69717272445007,245.14256817875741,191.66078941394946,245.14256817875741,97.47999658740542,0.2729121403446563,0.009153409031417752,0.6591542079959616,1494.6082957528079
70,nominal,2059,543.3393428328809,True,96.56064,241.4016,0.4888888888888889,1551.0495894970313,29.999999999999996,4.705388974967509,1.5699269266776994,1.575396760670927,425.64074610004235,0.22346765925757286,0.04532722595539957,3.0000310820347904,6.268086971220804,1.453314117477545,7.043529253566354,2.2378444040072054e-06,5.263146546272802e-05,600.0,263.6118676511884,251.99047761110648,362.12300378903285,73.3314952003833,247.45182966006954,104.8835990302647,220.2091499388162,245.42517013495342,191.59665204259994,245.42517013495342,97.39687527413066,0.2729121403446563,0.009153409031417752,0.6588360054720757,1493.8867830534116
71,nominal,2060,548.2777973893672,True,96.56064,241.4016,0.4888888888888889,1546.981335101623,29.999999999999996,4.690867811482937,1.5670220105268824,1.575018835461779,425.74136882990746,0.2228815250081186,0.04532870850874793,3.0000417196997806,6.265101971931128,1.4533144683312464,7.039734587162733,2.5785496564623145e-06,5.5228408549710346e-05,600.0,261.02778322683116,251.4538482828371,361.3755714168784,73.13156375690996,246.92037608204933,104.83594366515148,219.74995164201388,245.68982717275014,191.60155996169073,245.68982717275014,97.31870187062462,0.2729121403446563,0.009153409031417752,0.6585368128801801,1493.2083746863705
72,nominal,2061,553.0081088045988,True,96.56064,241.4016,0.4888888888888889,1543.1611346421791,29.999999999999996,4.677170819795982,1.5642778334312792,1.574618114115432,425.8481404970397,0.22233112915981856,0.04533287156979563,3.0000528110181794,6.262242212435321,1.4533148219085004,7.036099602331977,2.837151418688677e-06,5.761779381851182e-05,600.0,258.6006778280183,250.9507558971253,360.6734220286019,72.94386952699821,246.42309931382545,104.79142812319566,219.32053578814157,245.9437489578873,191.61774011007404,245.9437489578873,97.24562481125663,0.2729121403446563,0.009153409031417752,0.6582573444757547,1492.5746902001183
73,nominal,2062,557.5349945171799,True,96.56064,241.4016,0.4888888888888889,1539.573368352709,29.999999999999996,4.664246250969766,1.5616847172212756,1.5742199542181488,425.9541872719569,0.22181422129297781,0.045338174794189716,3.000064509322479,6.259501041297516,1.4533151895989576,7.032615785442923,3.0446020744534508e-06,5.985795436254281e-05,600.0,256.3208095053967,250.47908369979615,360.01357536873155,72.7676365710373,245.95784203808915,104.74984875199135,218.91902178696154,246.1874805192267,191.63866179409334,246.1874805192267,97.17731836311671,0.2729121403446563,0.009153409031417752,0.6579963261660355,1491.982840635453
74,nominal,2063,561.8634920049998,True,96.56064,241.4016,0.4888888888888889,1536.203487473307,29.999999999999996,4.652072119150028,1.5592388665349834,1.5738064860835967,426.0644853004848,0.22132870529323403,0.04534550286827498,3.000075832018017,6.256890824166061,1.453315533030706,7.0292987944443555,3.178938735359793e-06,6.186721454955219e-05,600.0,254.17874910777132,250.03653152032496,359.39392967142624,72.60214274525445,245.52186231858335,104.71093782042148,218.54292048126533,246.41987761886375,191.6681898533026,246.41987761886375,97.1133565056655,0.2729121403446563,0.009153409031417752,0.6577520588113752,1491.428973254758
75,nominal,2064,565.9989056319838,True,96.56064,241.4016,0.4888888888888889,1533.0379076858344,29.999999999999993,4.64062933944115,1.5569370152988722,1.5733567684658802,426.18487915987464,0.2208726239982904,0.04535591954460607,3.0000856133772826,6.254424216582436,1.4533158051838553,7.026164651092932,3.2221492247686e-06,6.356245914292462e-05,600.0,252.16566886426835,249.62093256784613,358.81256454781055,72.44671431270658,245.1125562639757,104.6744418282065,218.18986371851787,246.63976642358125,191.7109693788386,246.63976642358125,97.05333497829051,0.2729121403446563,0.009153409031417752,0.6575229287754131,1490.909429196022
76,nominal,2065,569.9467566216418,True,96.56064,241.4016,0.4888888888888889,1530.0639873816713,29.999999999999996,4.629957107266527,1.5547875907941224,1.5728360691755632,426.3252771478316,0.2204441560668393,0.04537115098255339,3.0000904953058716,6.252153876284302,1.4533158783474023,7.023280193449235,3.148545012265913e-06,6.458480211818229e-05,600.0,250.27262516158294,249.22955189488692,358.269122051954,72.30072474026457,244.72590049095194,104.63995241314183,217.85603667198058,246.84239768140415,191.7747256753441,246.84239768140415,96.99660826777911,0.2729121403446563,0.009153409031417752,0.6573063131710138,1490.418261157652
77,nominal,2066,573.7127363395138,True,96.56064,241.4016,0.4888888888888889,1527.2697959768177,29.999999999999996,4.619967490028228,1.552773387746891,1.5722613569521184,426.48088562728196,0.22004158259853213,0.04539027509491953,3.000092093241734,6.250040211388655,1.4533158041404508,7.0205950520643885,2.9969144215158394e-06,6.523152000838734e-05,600.0,248.49277002160846,248.8613799150241,357.7601394366793,72.16358320675272,244.36159517723863,104.60746360099498,217.54136004863685,247.0312516128075,191.85535507459423,247.0312516128075,96.9431575937841,0.2729121403446563,0.009153409031417752,0.6571021979003987,1489.9554371734453
78,nominal,2067,577.3026629965794,True,96.56064,241.4016,0.4888888888888889,1524.6441995447003,29.999999999999993,4.610600280900833,1.550882689900724,1.5716387491566395,426.6499505745558,0.21966329947153643,0.04541294394998543,3.000091293719681,6.248061619179227,1.453315605799953,7.018081731148417,2.78584398216708e-06,6.565909370698201e-05,600.0,246.8194121257178,248.51520106319865,357.28295068051153,72.03473870518135,244.01875213019815,104.57690372249363,217.24514731395303,247.20821734457815,191.95127397118557,247.20821734457815,96.89286265161043,0.2729121403446563,0.009153409031417752,0.6569101433294108,1489.5199603888727
79,nominal,2068,580.722441823816,True,96.56064,241.4016,0.4888888888888889,1522.176800010816,29.999999999999996,4.601819992732316,1.5491087029021873,1.5709719550579,426.8314721234693,0.2193078085819968,0.04543890078441738,3.0000882620721017,6.246212669866239,1.453315281141181,7.015733289173715,2.528498141529667e-06,6.591555959615579e-05,600.0,245.24602786413243,248.18961920300592,356.83559481716713,71.91367696630414,243.69596113086126,104.54814286242569,216.96617263939518,247.37374567848966,192.06137639185974,247.37374567848966,96.84551306121838,0.2729121403446563,0.009153409031417752,0.656729332439989,1489.1099782450676
80,nominal,2069,583.9780287144098,True,96.56064,241.4016,0.4888888888888889,1519.8578632915057,29.999999999999996,4.593591416145287,1.5474446402007953,1.5702694951509895,427.0231157224516,0.2189737074906199,0.045467621933172296,3.0000833400777562,6.244486771897605,1.4533148363847377,7.013541314367733,2.240551841836691e-06,6.606187695039022e-05,600.0,243.7665270664639,247.88335255530157,356.41619466356536,71.79991685195034,243.39195818804563,104.52106533354993,216.70334502456984,247.52839558438274,192.1834056871684,247.52839558438274,96.80092124112534,0.2729121403446563,0.009153409031417752,0.6565590413814912,1488.7238494369135
81,nominal,2070,587.0753972844666,True,96.56064,241.4016,0.4888888888888889,1517.678275216629,29.999999999999996,4.585881267837149,1.5458840605427806,1.5695426183902266,427.22178577052705,0.21865968307222822,0.045498430203558676,3.0000769513670336,6.242877448796385,1.453314283748797,7.011497546315621,1.937553260944469e-06,6.616015109367225e-05,600.0,242.3752038152996,247.59520509684555,356.0229920712856,71.69300812224904,243.10556913290588,104.49556360803508,216.45565233266518,247.67271977592398,192.3144457386585,247.67271977592398,96.75891296880398,0.2729121403446563,0.009153409031417752,0.656398600258727,1488.3600550013252
82,aggresive,2030,472.5954848884498,True,96.56064,241.4016,0.4888888888888889,1620.056198540382,29.999999999999996,4.941005119818473,1.6164501123585642,1.582131843473481,423.83310333306207,0.23340979489310765,0.045304690472392335,3.000000675101155,6.309416297413672,1.453313185522763,7.096120661371726,1.7542447494633961e-09,1.7749518498866223e-05,600.0,307.37362720056103,261.23197833832086,374.724266839947,76.73053917929559,256.7679991577776,105.73192456356514,228.30167014482734,241.80081645877934,191.50527731657832,241.80081645877934,98.77910410436411,0.2729121403446563,0.009153409031417752,0.6641644146854578,1505.9687579795818
83,aggresive,2031,490.43707810857916,True,96.56064,241.4016,0.4888888888888889,1600.5036333715996,29.999999999999993,4.8756515796684345,1.603659019067954,1.57985198267596,424.4448095782798,0.23059275667567333,0.04532979827041775,3.0000001165499075,6.298986669788557,1.4533130650320725,7.082839894279732,8.878542345769347e-09,2.9982021755310622e-05,600.0,294.99438669300883,258.59512778929957,371.1536321022609,75.76596237117764,254.08906499961284,105.48589929158045,225.96919558554526,242.7084498567784,191.61148063144572,242.7084498567784,98.37980584634306,0.2729121403446563,0.009153409031417752,0.6626189302923188,1502.4644280869384
84,aggresive,2032,508.2566531506551,True,96.56064,241.4016,0.4888888888888889,1582.5371117309753,29.999999999999996,4.815077143911022,1.59172653283992,1.5776598957255377,425.03456431902623,0.22800422787348798,0.04535951967808202,3.0000000607404083,6.288845146701431,1.4533129085098864,7.069931889498684,6.212926706439248e-08,3.8085186032265776e-05,600.0,283.59932471673494,256.17915701036895,367.88414383294037,74.88065749056564,251.64192706526313,105.26236078978069,223.84050319941488,243.595514068045,191.7371217443914,243.595514068045,98.01604565909321,0.2729121403446563,0.009153409031417752,0.6612146823700513,1499.280346777201
85,aggresive,2033,525.999449199032,True,96.56064,241.4016,0.4888888888888889,1566.0185619837605,29.999999999999996,4.758284614869333,1.580470743982547,1.5760936819419786,425.4565074591643,0.22562431579889283,0.04536287225891649,3.0000030719989885,6.278573179017672,1.4533129900176291,7.056863779529775,5.17884448214545e-07,4.412586685994955e-05,600.0,273.11424998326146,253.972095594895,364.8712832420806,74.06757589390025,249.4226820859919,105.0610150257162,221.914239938483,244.4985442413889,191.75090834210494,244.4985442413889,97.68740264052956,0.2729121403446563,0.009153409031417752,0.659949948438664,1496.412608389368
86,aggresive,2034,543.6116466844784,True,96.56064,241.4016,0.4888888888888889,1550.8230885167156,29.99999999999999,4.7045737375672925,1.5697639632154388,1.575391603640025,425.6420163657017,0.22343502610113908,0.04532641146230378,3.000031949432339,6.267916399523455,1.4533141502491775,7.043312401560764,2.2781141684191653e-06,5.28226115868131e-05,600.0,263.4681286684189,251.96068371264778,362.0811814297079,73.32036262253297,247.42242711383702,104.88096468915134,220.18377151254296,245.44028284233428,191.59309841735674,245.44028284233428,97.39255342653571,0.2729121403446563,0.009153409031417752,0.6588194724713939,1493.8492950730988
87,aggresive,2035,561.0410130878932,True,96.56064,241.4016,0.4888888888888889,1536.839324476072,29.999999999999996,4.6543705823803565,1.5597008864131117,1.5738886569911361,426.0425403839883,0.22142031358715283,0.045343878368212666,3.0000737235992267,6.257385162092033,1.4533154705876334,7.029926955810392,3.1595780036752785e-06,6.150039943055741e-05,600.0,254.58298124093952,250.12001223422908,359.5108074197122,72.63336580022872,245.60407976584588,104.71827238452416,218.61383967949197,246.37584173280203,191.66159274632906,246.37584173280203,97.12541572303992,0.2729121403446563,0.009153409031417752,0.6577981033345437,1491.5333775435672
88,aggresive,2036,578.2375080959839,True,96.56064,241.4016,0.4888888888888889,1523.9664585157843,29.999999999999996,4.6081861731388525,1.550395108151252,1.5714637394288478,426.6975517281677,0.2195656538499262,0.04541960946556077,3.0000906870474866,6.247552614837581,1.4533155308965329,7.01743520036882,2.7206503077081834e-06,6.574237657823571e-05,600.0,246.3873215589305,248.42579825059153,357.1599630943744,72.00148377916409,243.93015192804475,104.56900831944172,217.1685829654242,247.253771048901,191.9795253926892,247.253771048901,96.87986577438231,0.2729121403446563,0.009153409031417752,0.6568605137214175,1489.4074270500544
89,aggresive,2037,595.1538336261617,True,96.56064,241.4016,0.4888888888888889,1512.1124766374212,29.999999999999996,4.566340080288456,1.5419229100974405,1.5674215995998426,427.80316035899233,0.2178577899613845,0.045592303299259625,3.0000540725397364,6.238855505925726,1.453312241711364,7.006390496422289,1.0942516848189143e-06,6.662177378187752e-05,600.0,238.81866902025885,246.85760024965384,355.0242961247108,71.42007345902745,242.37017113174073,104.4300861010012,215.81904083273113,248.03391515333,192.71417130396566,248.03391515333,96.65101555805506,0.2729121403446563,0.009153409031417752,0.6559863754880605,1487.4253502623144
90,aggresive,2038,611.7459165828768,True,96.56064,241.4016,0.4888888888888889,1501.1920736973627,29.999999999999996,4.529202604808524,1.5343715112305663,1.562989267924587,429.0232959124711,0.21628443157253005,0.04579167725839899,3.000005336441012,6.231766141095607,1.4533066939446513,6.997390658398821,3.943695148223014e-09,7.323587886724931e-05,600.0,231.81910760914374,245.39532690320277,353.10135349100545,70.8848434903899,240.89351874065005,104.29818719045623,214.53598162273727,248.67235331023147,193.56319421938542,248.67235331023147,96.43378687673054,0.2729121403446563,0.009153409031417752,0.6551553404287289,1485.5410083607208
91,aggresive,2039,627.9733149776675,True,96.56064,241.4016,0.4888888888888889,1491.126400139784,29.999999999999993,4.496123563755603,1.5276194377757832,1.5615432812995105,429.42024099078,0.2148342184239663,0.045821482248565214,3.000007640619097,6.2259997265448055,1.4533060484274514,6.990072367783382,2.8505401417078247e-07,9.391424985468167e-05,600.0,225.34669915384802,244.03286365285766,351.36468997147426,70.3918382980838,239.49991417158364,104.17294178158211,213.3205955080311,249.1933233682297,193.68888353906937,249.1933233682297,96.22796530710362,0.2729121403446563,0.009153409031417752,0.6543683132027163,1483.756452627461
92,aggresive,2040,643.7995410703285,True,96.56064,241.4016,0.4888888888888889,1481.8550425624187,29.999999999999996,4.45774478877805,1.5197549654996156,1.5682432276616383,427.5809200024928,0.21349844644737487,0.04539250302286415,3.0000407930061757,6.214754900278159,1.4533140632650097,6.97580666759885,4.104522938419564e-06,2.8740794110914138e-05,600.0,219.46131170103797,242.87919759752046,349.58187308213235,69.93802122585296,238.4414295238086,104.08226189898622,212.42776831034072,250.21357876128545,191.87133383989664,250.21357876128545,96.07658239395798,0.2729121403446563,0.009153409031417752,0.6538023079497518,1482.4730562139075
93,aggresive,2041,659.1922982930024,True,96.56064,241.4016,0.4888888888888889,1473.3013635106256,29.999999999999996,4.42762797214114,1.5135595274714686,1.567688661143737,427.7338235524981,0.21226607409210765,0.0453807860096873,3.0000292362776366,6.20821046885387,1.4533137561508,6.967507368759396,5.63065308512023e-06,3.536202794643474e-05,600.0,213.9691433063902,241.7476254142021,348.0709663113091,69.51957507673876,237.3149832632236,103.98263888789415,211.45314752253435,250.81001416240846,191.8232846186802,250.81001416240846,95.91183171114841,0.2729121403446563,0.009153409031417752,0.6531763788069709,1481.053784550304
94,aggresive,2042,674.1236317350979,True,96.56064,241.4016,0.4888888888888889,1465.4132084499893,29.999999999999993,4.399512391791546,1.5077566603377552,1.566654371511783,428.01647357394256,0.21112958718724162,0.04540107137429965,3.0000273830180393,6.201855146666937,1.4533135490797233,6.95945018611269,6.6684301121000544e-06,4.3338054819657044e-05,600.0,208.90245083404972,240.70871547762107,346.67473266772396,69.13389263509349,236.28626818824466,103.89204056357826,210.56450858347458,251.39109221469903,191.9092673774997,251.39109221469903,95.76173360753637,0.2729121403446563,0.009153409031417752,0.6526071842294847,1479.7631564588976
95,aggresive,2043,688.5699947471827,True,96.56064,241.4016,0.4888888888888889,1458.1377466858203,29.999999999999996,4.373845839010702,1.5024428318881193,1.5650518850544783,428.4550891436191,0.2100813741439797,0.045457120485527386,3.0000248529018174,6.196136711316908,1.4533129746701041,6.952202373210313,6.340385096947898e-06,5.012558032718033e-05,600.0,204.22154099727373,239.74728437737815,345.3976581988299,68.77834305445181,235.33014434988348,103.80782480725195,209.73752897421727,251.91552613031013,192.1465097593289,251.91552613031013,95.62216127999295,0.2729121403446563,0.009153409031417752,0.6520779176637235,1478.563063688108
96,aggresive,2044,702.5122366479084,True,96.56064,241.4016,0.4888888888888889,1451.4263484197136,29.999999999999996,4.350506850740657,1.4975971227966125,1.5631062894910581,428.9894549748339,0.20911442861817062,0.045535591387817785,3.0000173802165455,6.191070831122245,1.453311818414197,6.945783168868866,4.764093496589794e-06,5.4583834766322644e-05,600.0,199.89583775034168,238.8561941661373,344.23119545956496,68.45050913102472,234.43865980719463,103.72924118642305,208.96511064800217,252.38137553850973,192.47916387007962,252.38137553850973,95.49190501072795,0.2729121403446563,0.009153409031417752,0.6515837693858191,1477.4426003632464
97,aggresive,2045,715.9355185055305,True,96.56064,241.4016,0.4888888888888889,1445.2341563905743,29.999999999999996,4.329280527994536,1.493178648877204,1.5611241961392504,429.53554120369574,0.20822228779443727,0.04561866815549548,3.00000748715694,6.186593196720787,1.4533102494450891,6.940110553027575,2.70293307380598e-06,5.7504026605771775e-05,600.0,195.8982232737317,238.03018256445014,343.16516863858743,68.148165054751,233.60743311142926,103.65590397879646,208.24367931143416,252.79412045797636,192.83160155362629,252.79412045797636,95.37033731657806,0.2729121403446563,0.009153409031417752,0.6511223927369659,1476.396445520453
98,aggresive,2046,728.82916546691,True,96.56064,241.4016,0.4888888888888889,1439.5198383273826,29.999999999999996,4.309807007621936,1.4891155566713752,1.559448568977458,429.99801852228194,0.2073989967207787,0.045686540887382374,3.000000918720239,6.182518546752972,1.453308807504194,6.934949443998191,1.1376477093705262e-06,6.073489638054707e-05,600.0,192.20525880156495,237.26650573452807,342.1866038542714,67.8692631966943,232.8371241334021,103.58795364778659,207.57466942649538,253.1705279624862,193.1193474684879,253.1705279624862,95.25766289207333,0.2729121403446563,0.009153409031417752,0.6506949119935095,1475.4271484156266
99,aggresive,2047,741.1864651090311,True,96.56064,241.4016,0.4888888888888889,1434.2455433528094,29.999999999999996,4.291614052653657,1.4853114747088736,1.55835063473164,430.3010341998032,0.20663910202741556,0.045723531071450496,3.00000049315083,6.178563350512417,1.4533080484771235,6.929940527702147,4.2827808144352275e-07,6.51397778513386e-05,600.0,188.7966207348906,236.56453599758288,341.2805265314704,67.61193101061274,232.13253016720478,103.52597774625694,206.9636150006588,253.53664027440996,193.27576170524424,253.53664027440996,95.15477996397631,0.2729121403446563,0.009153409031417752,0.6503052664331637,1474.5436412183249
100,aggresive,2048,753.0044218087182,True,96.56064,241.4016,0.4888888888888889,1429.3767931024431,29.999999999999996,4.274455471924876,1.4817163628065098,1.5577696327843276,430.4610747729005,0.20593763623977954,0.045732979526005385,3.000003622154838,6.174606841421963,1.4533079548318328,6.924930823713717,2.4720050895155055e-07,7.003537974224319e-05,600.0,185.65166389844697,235.92134827700784,340.43768476545387,67.37446487587673,231.49276218099567,103.46996449360721,206.41026307550808,253.90360508039046,193.3152975613659,253.90360508039046,95.06163620554003,0.2729121403446563,0.009153409031417752,0.6499533736069636,1473.7457369785059
101,aggresive,2049,764.2834772078536,True,96.56064,241.4016,0.4888888888888889,1424.882024889014,29.999999999999996,4.258318386620007,1.4783287219843788,1.5573905351885942,430.56540513599657,0.20529005195984296,0.04573292214022112,3.0000067701546684,6.170701787719432,1.4533080622251124,6.919987129920233,2.845429296627344e-07,7.468703193141786e-05,600.0,182.74933037228487,235.33150944040102,339.6545201480278,67.1553070942285,230.91085486009555,103.41925542704827,205.90819002078675,254.2665161734819,193.31464928644306,254.2665161734819,94.97715969854896,0.2729121403446563,0.009153409031417752,0.6496348892821462,1473.0235853057031
102,aggresive,2050,775.0272065543188,True,96.56064,241.4016,0.4888888888888889,1420.7321618889416,29.999999999999996,4.243251504447502,1.475159964031058,1.5569462369623714,430.68799191756375,0.2046921599406932,0.045738638593377116,3.0000087315888933,6.1669448216899045,1.4533080061354975,6.915231715143112,4.121757957165073e-07,7.893967034412501e-05,600.0,180.06968924400263,234.78921099671663,338.9291221135863,66.95302433459696,230.37860771707437,103.37304465869111,205.44968273120827,254.6163406031699,193.33856011892814,254.6163406031699,94.90005760312086,0.2729121403446563,0.009153409031417752,0.6493445882249494,1472.3653381715899
103,aggresive,2051,785.2420000943131,True,96.56064,241.4016,0.4888888888888889,1416.900397554789,29.999999999999996,4.229273606137712,1.4722151990090993,1.556336181171225,430.8566385412547,0.20414009802573055,0.04575576005381027,3.0000099523434702,6.163405775300847,1.453307673212802,6.910752855087526,5.314025308678083e-07,8.283779751180755e-05,600.0,177.59465744749932,234.2894236497999,338.259121359565,66.76629662513236,229.88919587817136,103.33065668722446,205.02837060823293,254.94648133461578,193.41077562753205,254.94648133461578,94.82925313369435,0.2729121403446563,0.009153409031417752,0.649078176700118,1471.7612596869694
104,aggresive,2052,794.9367378551856,True,96.56064,241.4016,0.4888888888888889,1413.3620348292386,29.99999999999999,4.2163533826364565,1.4694889139869063,1.5555773179964392,431.0666512150179,0.2036303079834023,0.04578312754544438,3.000011161571752,6.1601115787612075,1.4533070912641084,6.906584494390625,5.66508765231788e-07,8.644755114300552e-05,600.0,175.30804391494274,233.8281415108251,337.64123802864475,66.59390909234925,229.43773286545965,103.29161613662605,204.63979496336287,255.25431209643736,193.52630270801836,255.25431209643736,94.76398709367237,0.2729121403446563,0.009153409031417752,0.648832681153994,1471.2046074266086
105,aggresive,2053,804.1224651637826,True,96.56064,241.4016,0.4888888888888889,1410.094322927104,29.999999999999996,4.204424765914337,1.4669681406935502,1.554733970121338,431.3002399133461,0.20315951199155077,0.045816856691126485,3.00001282076541,6.157057959168545,1.4533063379064963,6.9027210921514754,5.06470044570051e-07,8.9884047415943e-05,600.0,173.19527197159866,233.40215949254613,337.0716285373716,66.43474364536065,229.020797315594,103.25560187940278,204.28093560529456,255.54011997950596,193.668662338356,255.54011997950596,94.7037421557093,0.2729121403446563,0.009153409031417752,0.6486061191465702,1470.6908862795838
106,aggresive,2054,812.812075162294,True,96.56064,241.4016,0.4888888888888889,1407.0763051302151,29.999999999999993,4.193409068934613,1.4646370994528257,1.5538781223313882,431.53746741771147,0.20272469070844326,0.045852623746181556,3.0000150788755566,6.154226780475603,1.4533055055337598,6.899139584147372,3.9256225470296613e-07,9.329315868388154e-05,600.0,171.24305924317454,233.00875924128877,336.54637423237716,66.28777125174598,228.63575804424212,103.22237494702,203.94953428154307,255.80550279425236,193.8195585355664,255.80550279425236,94.64812991159735,0.2729121403446563,0.009153409031417752,0.6483970308562141,1470.2167861532098
107,aggresive,2055,821.0200034718823,True,96.56064,241.4016,0.4888888888888889,1404.288680887276,29.999999999999996,4.18323024650058,1.4624804250801373,1.5530721410864416,431.7610208346441,0.2023230634047919,0.045886657624448886,3.000017837143776,6.151598237200804,1.4533046861120118,6.895814814927292,2.7687450021574023e-07,9.678670395913104e-05,600.0,169.43918120638864,232.645485269377,336.06180747763796,66.15204495724913,228.28029834508138,103.19172712061655,203.64361842308008,256.0522319523865,193.9630634569824,256.0522319523865,94.59681085679263,0.2729121403446563,0.009153409031417752,0.6482041493682676,1469.7794343643793
108,aggresive,2056,828.7619390638173,True,96.56064,241.4016,0.4888888888888889,1401.71920714916,29.999999999999996,4.164604780752255,1.4585283540180054,1.5593650370628,430.0124435345862,0.2019528661617967,0.045519120302339504,3.0000609803475298,6.141844182497893,1.453313497149477,6.883480556461374,6.486909908787197e-06,2.7810108458497452e-05,600.0,167.85366007831303,232.43268720595384,335.4111708204949,66.0269625734309,228.22448201202647,103.192829058637,203.63523883762502,256.9706754428613,192.4039479460592,256.9706754428613,94.59529286771387,0.2729121403446563,0.009153409031417752,0.648215001196835,1469.8040404926633
109,aggresive,2057,836.0545543672681,True,96.56064,241.4016,0.4888888888888889,1399.3404970270105,29.999999999999993,4.155857012518051,1.456668675245099,1.55885571642043,430.1527247727499,0.2016101532100971,0.04553746696093644,3.000062483648257,6.139521671297409,1.453313312127653,6.880544461408953,6.581031716024199e-06,2.8846629001415675e-05,600.0,166.31314470034303,232.12369196660177,334.99784549613815,65.91118576971722,227.92337448192455,103.16690512172939,203.37641953707583,257.1900334639224,192.48130420512578,257.1900334639224,94.55186621294769,0.2729121403446563,0.009153409031417752,0.6480520751607834,1469.434611606186
110,aggresive,2058,842.9152567003667,True,96.56064,241.4016,0.4888888888888889,1397.142991380129,29.999999999999996,4.147761014765544,1.454945814292379,1.5584328578259052,430.2693088971702,0.201293547315328,0.045551656279449904,3.000063401933168,6.137357726615245,1.453313151260956,6.877809094881447,6.68826729999239e-06,2.9863371583480682e-05,600.0,164.88964260672344,231.83845590640965,334.6161126405177,65.80424496540908,227.64568298199134,103.143019445584,203.1377975320514,257.39464772261084,192.54116284998722,257.39464772261084,94.51183688905304,0.2729121403446563,0.009153409031417752,0.6479019634491335,1469.0942387362263
111,aggresive,2059,849.3619622748121,True,96.56064,241.4016,0.4888888888888889,1395.1127750867906,29.999999999999996,4.140253617975541,1.453346713642617,1.5581030524467132,430.3602773327034,0.20100104365462557,0.04556125664390719,3.000064148813056,6.135330616940499,1.4533130419297657,6.875246933210023,6.828444101714126e-06,3.089647934892058e-05,600.0,163.57435216685832,231.57532466111127,334.26319747641827,65.70545924256271,227.38999121492992,103.12105391718798,202.91820623167328,257.58652725535524,192.58164650348232,257.58652725535524,94.47500625930627,0.2729121403446563,0.009153409031417752,0.6477639363167816,1468.781267212189
112,aggresive,2060,855.4128933036719,True,96.56064,241.4016,0.4888888888888889,1393.2370193118036,29.999999999999996,4.133287168244784,1.4518615460887885,1.5578560661222463,430.4283730397203,0.20073079391199083,0.045566809553037275,3.0000650874399333,6.133428561846055,1.453312994011958,6.87284304207868,7.000220186625938e-06,3.1975599573346204e-05,600.0,162.3590542209803,231.3326337645442,333.93678484057654,65.61420118282737,227.1546827786747,103.10086663753076,202.71625741803956,257.76674910943296,192.60499742501145,257.76674910943296,94.44113926114724,0.2729121403446563,0.009153409031417752,0.6476371067971528,1468.4936858694864
113,aggresive,2061,861.0863981395321,True,96.56064,241.4016,0.4888888888888889,1391.5038938466546,29.999999999999993,4.126823666885297,1.4504824868675779,1.5576726208698397,430.478857597328,0.20048109364868583,0.04556938297239095,3.0000665264274216,6.131645337567474,1.4533130051766237,6.870589516839824,7.1909028225292104e-06,3.312598604202224e-05,600.0,161.23610940641973,231.10876996620607,333.6348774905993,65.52989250130734,226.93809201930904,103.08230844123199,202.5304947175314,257.9358697175549,192.6156901579614,257.9358697175549,94.40999007518772,0.2729121403446563,0.009153409031417752,0.6475205368391492,1468.2293677112252
114,aggresive,2062,866.4007938826422,True,96.56064,241.4016,0.4888888888888889,1389.9024855905122,29.999999999999996,4.120829203036108,1.4492025398505253,1.557534129014462,430.51681596675394,0.20025037055837386,0.04557000920409263,3.000068747178176,6.12997604867298,1.453313070831891,6.868480136244977,7.388585585133001e-06,3.437192235531006e-05,600.0,160.19845470155792,230.90223006150686,333.35566359002655,65.45199999465237,226.7386486593857,103.06523837145492,202.35954068731965,258.0943235398061,192.61805199074578,258.0943235398061,94.38132646589756,0.2729121403446563,0.009153409031417752,0.6474133389504877,1467.9863003807927
115,aggresive,2063,871.3742305189487,True,96.56064,241.4016,0.4888888888888889,1388.4227249883427,29.999999999999996,4.115273203413322,1.4480153854039932,1.5574281520694104,430.54564608414205,0.20003717386868217,0.045569364254159264,3.000071986505605,6.128416700152841,1.4533131892809867,6.866509820795824,7.587439723621969e-06,3.5735708177966345e-05,600.0,159.23956194191155,230.7116174451096,333.0974916470368,65.38003188939459,226.55488243051684,103.04952401053748,202.2021028475607,258.24246290205383,192.61490992509616,258.24246290205383,94.35493051360919,0.2729121403446563,0.009153409031417752,0.6473146805713869,1467.7625960790363
116,aggresive,2064,876.0245753659362,True,96.56064,241.4016,0.4888888888888889,1387.0553203358356,29.999999999999996,4.11013086335707,1.4469159059673968,1.5573475748998695,430.5672931268224,0.19984016487617617,0.045567809353945575,3.0000763719233343,6.126966297806999,1.4533133594868017,6.864677285758835,7.785917224722994e-06,3.723227170583049e-05,600.0,158.35337381777504,230.5355979173873,332.85891584185697,65.3135345840929,226.38533540363997,103.03503212589966,202.05688666725254,258.38035766605213,192.60777449640761,258.38035766605213,94.33058399840623,0.2729121403446563,0.009153409031417752,0.6472237243189928,1467.5563560706594
117,aggresive,2065,880.3693164084915,True,96.56064,241.4016,0.4888888888888889,1385.7916977553527,29.999999999999996,4.105382488672155,1.445900051714461,1.5572870463261832,430.58323749563874,0.19965810829838673,0.04556559811840815,3.0000818825267808,6.125626465059351,1.4533135769201109,6.862984555702126,7.985596749193746e-06,3.8866013743624454e-05,600.0,157.5342701553344,230.37289770065684,332.63867448387526,65.25208967676915,226.22856709594126,103.02162967464002,201.92260182255032,258.5078305261665,192.597720424987,258.5078305261665,94.30806965474241,0.2729121403446563,0.009153409031417752,0.647139632448525,1467.3656807997108
118,aggresive,2066,884.4254829853135,True,96.56064,241.4016,0.4888888888888889,1384.6239446144832,29.999999999999993,4.101006916158644,1.444963437772482,1.557241436375379,430.5949129871146,0.1994898641218318,0.04556297729296555,3.000088402766063,6.1243962831099035,1.4533138339860692,6.861430445187649,8.195311957948093e-06,4.063575501075539e-05,600.0,156.77708639995075,230.22238109043872,332.4355405742664,65.19531116785592,226.0833363172551,103.00920396572751,201.79814627219704,258.624947573045,192.58580554451112,258.624947573045,94.28720224500852,0.2729121403446563,0.009153409031417752,0.6470616936944046,1467.1889574972486
119,aggresive,2067,888.2095822265779,True,96.56064,241.4016,0.4888888888888889,1383.5447564341425,29.999999999999996,4.096974530330414,1.444099849833687,1.5572069160192497,430.60339132455533,0.19933437995279413,0.045560136601293905,3.0000958377432507,6.12326676556535,1.4533141246682098,6.860003579900247,8.434455727623913e-06,4.254333371566903e-05,600.0,156.07713668112615,230.0831343104582,332.2481651278988,65.1428428397621,225.94879651734436,102.99768398824331,201.68280385274394,258.73254557465583,192.5728440061416,258.73254557465583,94.26786168933123,0.2729121403446563,0.009153409031417752,0.6469894593134349,1467.025168654325
120,aggresive,2068,891.7375496340429,True,96.56064,241.4016,0.4888888888888889,1382.5473893090336,29.999999999999996,4.093247868912776,1.4433013705643005,1.5571811286436397,430.60932702078384,0.19919068416229344,0.045557198927423506,3.000104164968201,6.122221408440943,1.45331444640434,6.858683093642031,8.726136668357753e-06,4.4592941071974175e-05,600.0,155.430175589802,229.95444922289755,332.075086380588,65.0943559103724,225.82446747235605,102.98703724467035,201.57621666331966,258.8321815120872,192.55935813663396,258.8321815120872,94.24998826535455,0.2729121403446563,0.009153409031417752,0.6469227240272853,1466.8738488097595
121,aggresive,2069,895.0247122248852,True,96.56064,241.4016,0.4888888888888889,1381.6256186751432,29.999999999999996,4.089790289934378,1.442560234216504,1.5571602659780968,430.6137790794175,0.19905787994550844,0.0455543756281464,3.0001133419468813,6.121243237290495,1.4533147947856964,6.857447531163267,9.081470791372226e-06,4.677572252426e-05,600.0,154.83229668755368,229.8357004573541,331.91491380802677,65.04954700013279,225.70996856623944,102.97724079774639,201.47811738936784,258.9254617424098,192.54624677133577,258.9254617424098,94.2335376144091,0.2729121403446563,0.009153409031417752,0.6468613417904018,1466.7346668105472
122,aggresive,2070,898.0857627207814,True,96.56064,241.4016,0.4888888888888889,1380.7737021161495,29.999999999999993,4.086575028300019,1.4418707702225313,1.5571355983214359,430.6191938379605,0.1989351399631054,0.04555215105611381,3.0001231437197284,6.12032219938532,1.4533151555907942,6.856284184326512,9.487046060741022e-06,4.9050706472612066e-05,600.0,154.2798319000484,229.72621775910392,331.76651977822604,65.00813629972549,225.6047405894455,102.96825125921876,201.3880499983654,259.013336067244,192.53558601494538,259.013336067244,94.21843394298448,0.2729121403446563,0.009153409031417752,0.6468050337263886,1466.6069903145608
