,scenario,year,battery_energy_density,success,mission_range,cruise_speed,mission_time,Weight|takeoff,LiftRotor|radius,LiftRotor|Cruise|RPM,LiftRotor|Cruise|CT/sigma,LiftRotor|Cruise|mu,LiftRotor|HoverClimb|T_to_P,LiftRotor|Cruise|T_to_P,LiftRotor|HoverDescent|T_to_P,Weight|residual,Weight|payload,Weight|battery,Weight|propulsion,Weight|structure,Weight|equipment,Power|segment_1,Power|segment_3,Power|segment_5,DiskLoading|LiftRotor|segment_1,DiskLoading|LiftRotor|segment_3,DiskLoading|LiftRotor|segment_5,Energy|entire_mission,Aero|Cruise|f_total_non_hub,Aero|Cruise|f_total,Aero|Cruise|total_drag
0,conservative,2030,176.05442728293585,False,96.56064,241.4016,0.4888888888888889,6112.964300639896,3.79145379850222,472.31216063655256,0.15248761244346465,0.3571216545495861,5.480111494940376,12.05031592475259,6.058827200367527,115091.10953435578,600.0,3890.2000559848925,1344.134449319505,297.157968995104,320.72263258019626,1115.481739063852,507.93877978597607,1008.9352441457787,331.68254199207024,332.0771667687451,331.68254199207024,465.72312115327634,0.6302766233350965,1.3401691156035316,3038.784936202689
1,conservative,2031,180.75417127982496,False,96.56064,241.4016,0.4888888888888889,9751.350136373121,4.868507246290312,426.9097870141079,0.10945303808438099,0.30786803938704405,5.5622221458931,12.055079807697805,6.159878888815511,28877.010122043444,600.0,6020.566050225163,2368.4552187866743,391.97124646562764,540.2899901548512,1753.1392814961714,809.4819112343841,1583.042509825744,320.8894206658587,321.08967741600884,320.8894206658587,740.0048503898508,0.6302766233350965,1.5994493344451413,3626.693442746954
2,conservative,2032,185.5044988742252,False,96.56064,241.4016,0.4888888888888889,9999.999999999998,4.882630391077744,430.42555905255335,0.10914349527671181,0.3044765493544223,5.5139754826211504,12.00000002114945,6.100459918412124,1154.8541563380202,600.0,6049.1498916837445,2429.539219607575,399.4665738859783,555.8274600028926,1813.5735335635459,833.9154640069564,1639.2206708576946,327.1708407253358,327.36807246716853,327.1708407253358,763.0582731048692,0.6302766233350965,1.6158554013281248,3663.893605268154
3,conservative,2033,190.30164614658935,True,96.56064,241.4016,0.4888888888888889,6997.730253155983,4.229867858774013,453.7141040608368,0.12208463092836157,0.3332962870196807,5.689862436648108,11.999999584800749,6.317669891532025,8.788097933963939e-05,600.0,4100.554223368143,1606.6627277781688,317.8609470600529,372.6617294351689,1229.859303466454,583.7749243606985,1107.6441747194622,305.0604362173252,305.36117206384944,305.0604362173252,530.6327087978086,0.6302766233350965,1.4071128588884108,3190.5774497732614
4,conservative,2034,195.14168483825276,True,96.56064,241.4016,0.4888888888888889,5591.142855283042,4.036680788015347,437.2085301931449,0.1266947045568233,0.3623008229361414,6.032055112340573,11.999999541431503,6.745013781768002,3.387604535425934e-05,600.0,3158.51084384012,1265.533440597279,276.5169637964312,290.58742736237843,926.9051345112052,466.60139182154137,828.9297896464035,267.62954967089934,267.9903716671382,267.62954967089934,419.12284679985964,0.6302766233350965,1.2991723210695234,2945.8261892713836
5,conservative,2035,200.0205339618983,True,96.56064,241.4016,0.4888888888888889,4803.753240100704,3.832313024999135,427.7999665187802,0.13999999999557364,0.389888704481317,6.161570072483666,11.999999998912205,6.908429946451289,5.8282434946174985e-05,600.0,2637.225221233258,1066.2563838773224,254.4056775665341,245.87359171693902,779.6313575257872,401.0200576430331,695.3465950057565,255.11795790808512,255.54426433425016,255.11795790808512,358.6994539116258,0.6302766233350965,1.2347981963230925,2799.8601926795336
6,conservative,2036,204.9339725385272,True,96.56064,241.4016,0.4888888888888889,4304.655757237833,3.88363823799994,394.3896859870135,0.1399999999878051,0.4172102943025881,6.543387782596041,11.999999999345281,7.395682921323408,3.0122391388650714e-05,600.0,2280.983151930297,967.4297333522002,238.20853731479698,218.03982302749603,657.8634646546949,359.45694022554625,582.049798920739,222.60923631084836,223.0444028199932,222.60923631084836,317.86663826059817,0.6302766233350965,1.1921653186777328,2703.1916865430167
7,conservative,2037,209.8776533858552,True,96.56064,241.4016,0.4888888888888889,3973.550450485928,3.9759082996175814,361.57830783830605,0.1400000000050013,0.44440292522879166,6.9169240183550675,11.999999999708683,7.880535351782695,2.603053141446597e-05,600.0,2035.8183924052216,910.7730945052974,227.1550411652467,199.80902442264914,574.4678472600729,331.88748394608706,504.2234154291373,196.05968605353218,196.489862740616,196.05968605353218,290.54549510408503,0.6302766233350965,1.1629698374530824,2636.991990163129
8,conservative,2038,214.84711786979804,True,96.56064,241.4016,0.4888888888888889,3744.522479394193,4.093441033414456,331.1689943987388,0.14000000003142588,0.4711853926957133,7.278569365685942,11.999999999896922,8.357936085408774,5.072843236194211e-05,600.0,1857.9544319510292,879.9811907963776,219.28004455954786,187.31393447675038,514.4585826230295,312.8197720529739,448.0199945452268,174.3017127635313,174.7185878660706,174.3017127635313,271.43978528990556,0.6302766233350965,1.142299035828255,2590.1216960596325
9,conservative,2039,219.83781151831423,True,96.56064,241.4016,0.4888888888888889,3582.1371706064365,4.225605482316299,303.98795516950196,0.1400000000430251,0.4971820322900952,7.623736938798627,12.000000000153417,8.82117766650267,5.6329710155182166e-05,600.0,1723.9337792120332,866.1790041262622,213.51786351433606,178.51402906593418,469.86631351040836,299.30174103261965,406.08377997069016,156.47559353990442,156.87485651505904,156.47559353990442,257.7103638726397,0.6302766233350965,1.1273869881096028,2556.309167888538
10,conservative,2040,224.8451003855669,True,96.56064,241.4016,0.4888888888888889,3456.7599602972073,4.194462254607141,303.0922416843477,0.1399999999978281,0.5022852076851052,7.691889800614829,11.863937799326601,8.913543888478335,4.615194502358e-05,600.0,1640.2740068268351,834.7423868899588,209.9960307954422,171.75432930725518,449.40320908145367,292.1782533845198,387.80983226721105,153.24945251724947,153.66144593772947,153.24945251724947,250.7891501328747,0.6302766233350965,1.115718783926966,2529.8519374614916
11,conservative,2041,229.86428804438393,True,96.56064,241.4016,0.4888888888888889,3343.2893571135405,4.126292178129597,308.02723125238566,0.13999999999870985,0.5023354458610808,7.693875383877025,11.702815312019727,8.916239421774865,2.856818107854563e-05,600.0,1570.1607489149342,800.4326438383707,207.0380700217052,165.66323925958488,434.5390574065708,286.5165593656205,374.9663057441796,153.15680660669813,153.58926862879358,153.15680660669813,245.42824021190629,0.6302766233350965,1.1050364770315004,2505.6301934294206
12,conservative,2042,234.89063307652265,True,96.56064,241.4016,0.4888888888888889,3239.7200627774305,4.06250583128008,312.8361206815036,0.13999999999869858,0.5023124020073421,7.694892583689292,11.55032582339122,8.917620423000388,2.864431661300959e-05,600.0,1505.9319821132258,769.3428968442122,204.32430976693308,160.12622609160684,421.02212961940484,281.34388833457086,363.29423199282195,153.10937391722027,153.5622522312209,153.10937391722027,240.53593532115556,0.6302766233350965,1.0951803209701763,2483.281716495204
13,conservative,2043,239.91936692347736,True,96.56064,241.4016,0.4888888888888889,3144.8707094988135,4.00270057251919,317.52295822258606,0.1399999999987261,0.5022257322243512,7.695065767516603,11.40588224812392,8.917855552702202,2.7840795013930086e-05,600.0,1446.908618237612,741.0660934696148,201.8266085675747,155.07466566173213,408.6866577247909,276.6022709629462,352.6487607826172,153.10130020788,153.57451962662262,153.10130020788,236.05615178491007,0.6302766233350965,1.086061461235184,2462.6050322801975
14,conservative,2044,244.94571195561613,True,96.56064,241.4016,0.4888888888888889,3057.7323958504094,3.9465225024415593,322.09131671656934,0.1399999999970401,0.5020842345769457,7.694508313454351,11.268938047742823,8.9170987106544,6.616159262022246e-05,600.0,1392.5113026564602,715.258087475827,199.52082227639605,150.45031741938902,397.3915253952958,272.24212356534844,342.90664430987454,153.12729036964305,153.62075500955092,153.12729036964305,231.94097725609174,0.6302766233350965,1.077602813878011,2443.425355722696
15,conservative,2045,249.96489961443308,True,96.56064,241.4016,0.4888888888888889,2977.472602421396,3.8936709727000522,326.5442296596515,0.13999999999706855,0.5018946460865737,7.693306327352841,11.139032109821194,8.915466871556147,6.482747983152722e-05,600.0,1342.253602551508,691.6347151640332,197.3870843043655,146.20525195288212,387.0211942341704,268.2226922818744,333.96709845007746,153.18335069072285,153.69694008987625,153.18335069072285,228.15107517285125,0.6302766233350965,1.0697405104309303,2425.5978673850886
16,conservative,2046,254.9721884816858,True,96.56064,241.4016,0.4888888888888889,2903.354949174394,3.8438737833967522,330.88439354112296,0.13999999999709864,0.5016638029142857,7.691547701226879,11.01571230717433,8.913079496494602,6.34834450036342e-05,600.0,1295.7094767126143,669.9483882977311,195.40766933517892,142.29738247877418,377.47343733060114,264.50775255599854,325.74094624829115,153.26542223260816,153.79899584168197,153.26542223260816,224.6515190214351,0.6302766233350965,1.0624169201712672,2408.991891690773
17,conservative,2047,259.96288213020193,True,96.56064,241.4016,0.4888888888888889,2834.7524228389852,3.796892764237599,335.1141852264629,0.1399999999971398,0.5013974492186442,7.689306040399537,10.898575957396469,8.910036681961081,6.206068819487062e-05,600.0,1252.51273598256,649.9890826621727,193.567472496274,138.69100955861433,368.6616721906014,261.0664970263754,318.15272192740986,153.37012166372065,153.92351814398086,153.37012166372065,221.41263811055143,0.6302766233350965,1.0555825489101145,2393.4952023588044
18,conservative,2048,264.9323466141448,True,96.56064,241.4016,0.4888888888888889,2771.1213838751137,3.752516095720687,339.2357449255994,0.13999999999718757,0.5011006744105341,7.686646518463283,10.787253655347753,8.906427088832238,6.046312607052275e-05,600.0,1212.3445821306013,631.5759000658397,191.8533576605365,135.35531982202193,360.5110989843094,257.8722003731686,311.1372670809623,153.49446241539405,154.06750039720833,153.49446241539405,218.40872063318741,0.6302766233350965,1.049194001285993,2379.0094019785656
19,conservative,2049,269.8760274614728,True,96.56064,241.4016,0.4888888888888889,2711.987777757841,3.710554399360096,343.2510295952049,0.13999999999722937,0.5007780039347345,7.683627071533577,10.681405260730074,8.902329549787082,5.9020011926534786e-05,600.0,1174.9259398888935,614.5521257752412,190.25383353849475,132.26356100351433,352.9567159506291,254.9015428938449,304.63798970716647,153.6357949272954,154.22827389617726,153.6357949272954,215.61735474868317,0.6302766233350965,1.0432130184205304,2365.4477399288703
20,conservative,2050,274.7894660381017,True,96.56064,241.4016,0.4888888888888889,2656.9362319858546,3.6708376094637933,347.1618549858921,0.1399999999972676,0.5004334661930011,7.680299272404211,10.580716825362595,8.897814246777187,5.7687102219678114e-05,600.0,1140.0113218296358,598.7813161063577,188.75879854243937,129.392390710001,345.9417579640927,252.1340775104715,298.6054954955037,153.79176316046255,154.40346440237133,153.79176316046255,213.01890963401019,0.6302766233350965,1.0376057170601138,2352.733387159213
21,conservative,2051,279.6683151617472,True,96.56064,241.4016,0.4888888888888889,2605.601017811515,3.6332123236970277,350.9699304967841,0.13999999999730556,0.500070655732776,7.676709157158777,10.484897704852193,8.892943827269622,5.6440126409608755e-05,600.0,1107.383772836239,584.1440894941053,187.35932821870932,126.72133992686278,339.41640414782535,249.5517869009423,292.9964552144828,153.96026428440442,154.59095191340688,153.96026428440442,210.59610471086756,0.6302766233350965,1.0323419483893512,2340.797982322514
22,conservative,2052,284.50835385341065,True,96.56064,241.4016,0.4888888888888889,2557.6587301815266,3.5975396276536733,354.676886995671,0.13999999999734467,0.49969278324758376,7.67289787546021,10.393678208016311,8.887774283584454,5.514100039074575e-05,600.0,1076.8507420281903,570.5355308373693,186.0475034256823,124.23237958893137,333.33673557177656,247.13872560576928,287.77269185441315,154.13941729934692,154.78883933192597,154.13941729934692,208.33366173297966,0.6302766233350965,1.0273947770502567,2329.580450469988
23,conservative,2053,289.3055011257748,True,96.56064,241.4016,0.4888888888888889,2512.8221636464095,3.563693238938729,358.2842997925102,0.13999999999738205,0.49930272184657853,7.668902292896455,10.306807425346852,8.882355768859444,5.393887014102214e-05,600.0,1048.2406428798095,557.863039175064,184.8162659892585,121.909559910968,327.66386474554315,244.88072006559477,282.9004184290936,154.32753438791718,154.99542387333295,154.32753438791718,206.21801345234837,0.6302766233350965,1.0227400391711594,2319.0260008977016
24,conservative,2054,294.05582872017504,True,96.56064,241.4016,0.4888888888888889,2470.8302893568757,3.5315558709454633,361.79377224400105,0.13999999999558896,0.49890324295057625,7.6647582134351735,10.224042778651915,8.8767369662389,8.679998534935977e-05,600.0,1021.3986549102635,546.0433409349513,183.65915320837593,119.73845695425779,322.3624569168901,242.76484088411607,278.3489359608426,154.52296890356732,155.20904661777774,154.52296890356732,204.23679498785052,0.6302766233350965,1.0183554553480039,2309.084115863795
25,conservative,2055,298.7555727170641,True,96.56064,241.4016,0.4888888888888889,2431.4669069717797,3.5010175283783767,365.2087295272774,0.14000000003139657,0.4984947232468656,7.660469662602274,10.145180808919616,8.870923451230803,6.741391552164467e-05,600.0,996.1914798740925,535.0056056773872,182.57092475091454,117.70710726714222,317.40441696962563,240.7806577964666,274.0940016379494,154.72556696655926,155.42954113582152,154.72556696655926,202.38007415183802,0.6302766233350965,1.01422271594687,2299.713278936426
26,conservative,2056,303.4011439587491,True,96.56064,241.4016,0.4888888888888889,2394.5179031344687,3.4720558694789174,368.51434587720934,0.1400000002439917,0.4980907123010772,7.656214320827936,10.070058595310337,8.86515613078209,5.6252365309690365e-05,600.0,972.4853945558299,524.6904229461328,181.54581029577562,115.80377549441607,312.7548162569629,238.91618352950348,270.10442543928696,154.92694913684392,155.6484870607008,154.92694913684392,200.63616321016167,0.6302766233350965,1.0103231220144497,2290.8710909161405
27,conservative,2057,307.98913723739133,True,96.56064,241.4016,0.4888888888888889,2359.7943385632952,3.444381720296772,371.7542905175146,0.1400000016986938,0.49766474975549596,7.651644417392256,9.99833504706295,8.858963785510653,7.870756031981327e-05,600.0,950.186082107536,515.0188806940795,180.58011731802657,114.01813017180052,308.40355482273344,237.16541023948207,266.37362965890827,155.14361024463358,155.88245272576034,155.14361024463358,198.99995431742843,0.6302766233350965,1.006640078355765,2282.5199227993107
28,conservative,2058,312.51633921558044,True,96.56064,241.4016,0.4888888888888889,2327.1384823161475,3.418132749815667,374.8839883520478,0.140000001348881,0.49724909282132973,7.647183185472335,9.930002221095934,8.852919995957457,7.227875347803821e-05,600.0,929.1743856835049,505.9622560810969,179.66880814557715,112.34153409718141,304.31316026757503,235.51690808768444,262.86676976396467,155.35551216957552,156.11129742508263,155.35551216957552,197.45988070455246,0.6302766233350965,1.0031598334158716,2274.6285934331054
29,conservative,2059,316.97973506097327,True,96.56064,241.4016,0.4888888888888889,2296.392524411085,3.393076137116112,377.9384761579548,0.1400000023985536,0.4968231766878183,7.642560369065662,9.864769535365257,8.846658659433071,8.419676291520558e-05,600.0,909.3706428195509,497.4569499791121,178.80868525367484,110.76542223815557,300.4742407670153,233.96540538135986,259.5773854078198,155.5754997179308,156.34792698523844,155.5754997179308,196.0114044945544,0.6302766233350965,0.9998682241540697,2267.1649886356436
30,conservative,2060,321.3765137903132,True,96.56064,241.4016,0.4888888888888889,2267.4296882030167,3.3692617356913623,380.8936677500614,0.1400000021050296,0.4964047094473426,7.638008381226254,9.802580361629891,8.840494605301357,4.169805938636132e-05,600.0,890.6832910554289,489.4739682417124,177.9959989314659,109.28288737786497,296.8613773423209,232.50272503061257,256.4822206716028,155.7925260651305,156.58123214938897,155.7925260651305,194.64638986006008,0.6302766233350965,0.996754050012549,2260.1037115477116
31,conservative,2061,325.704072331395,True,96.56064,241.4016,0.4888888888888889,2240.1110444088868,3.3465532955192594,383.7657078021704,0.1400000023687547,0.49598597309616294,7.633426179389765,9.743213188700159,8.834290988537502,4.0732633118468055e-05,600.0,873.0381112084686,481.96536165545325,177.22749593953563,107.88645781767252,293.46075952855637,231.12294483671405,253.56998624059725,156.01140417713088,156.81605468408623,156.01140417713088,193.35940632235315,0.6302766233350965,0.9938044903856047,2253.415691910165
32,conservative,2062,329.960018324043,True,96.56064,241.4016,0.4888888888888889,2214.329043900262,3.3249157521122896,386.5508865972186,0.1400000025306963,0.4955711068404166,7.628868097298247,9.686555475215958,8.82812137097795,3.9502933516202865e-05,600.0,856.3647826801778,474.89987875814165,176.50034951623866,106.57031808162274,290.25656436299687,229.8203675445639,250.8267558690084,156.22954051557923,157.04978312504153,156.22954051557923,192.1449747819472,0.6302766233350965,0.9910098233906266,2247.078885706257
33,conservative,2063,334.14217169275435,True,96.56064,241.4016,0.4888888888888889,2189.979649037285,3.3042896188014153,389.2513953675622,0.14000000262387186,0.4951606048444799,7.6243407926099644,9.632472658233803,8.82199473929811,3.819099498764407e-05,600.0,840.599516207073,468.2455222743017,175.8119157075992,105.328874734636,287.2352782498868,228.58985431749974,248.24086997942632,156.44661006536532,157.28208979665396,156.44661006536532,190.9982285511308,0.6302766233350965,0.9883604694087202,2241.0715714970647
34,conservative,2064,338.248565034208,True,96.56064,241.4016,0.4888888888888889,2166.967559394923,3.2846369057967766,391.86524470607213,0.14000000189973524,0.49475751561582304,7.619884644682722,9.580849995088979,8.815965692242127,3.710003809332704e-05,600.0,825.6822924108245,461.97466581288904,175.15967400528072,104.15701814598866,284.3832499363448,227.42640144435603,245.80036209780292,156.66066409686778,157.51101522262653,156.66066409686778,189.91437839583938,0.6302766233350965,0.985847582532134,2235.373691507111
35,conservative,2065,342.2774428722358,True,96.56064,241.4016,0.4888888888888889,2145.205435682333,3.2658771915985496,394.40137150386096,0.14000000180732652,0.49435788191328955,7.615447769647052,9.53154772853479,8.809963992629479,3.5914235588485815e-05,600.0,811.5615984367113,456.0582210247124,174.54153140799212,103.05007766162095,281.69130700790754,226.3261617419279,243.49763943156145,156.87418381364012,157.73905432879386,156.87418381364012,188.8898754794308,0.6302766233350965,0.9834629939948357,2229.966723355244
36,conservative,2066,346.22725984103323,True,96.56064,241.4016,0.4888888888888889,2124.612862046499,3.2479711714054442,396.85979812247996,0.1400000015829563,0.49396335145466,7.61105218567099,9.484458972947953,8.804019397625868,3.5043484905740286e-05,600.0,798.1869685774546,450.47267748153206,173.95537149610163,102.00376424519803,279.1483766260884,225.28499568308308,241.32305553750047,157.08610254839846,157.96513596599775,157.08610254839846,187.92077914054724,0.6302766233350965,0.9811991230750021,2224.833478029262
37,conservative,2067,350.09667786430396,True,96.56064,241.4016,0.4888888888888889,2105.115857559267,3.2308803042783274,399.241004650955,0.1400000011934367,0.4935751808502371,7.606714800521265,9.439481483969038,8.798154730563493,3.4450591255543654e-05,600.0,785.511992673124,445.1963443777542,173.39924823763423,101.01414173335834,276.7444176315129,224.29911881704928,239.26788309898723,157.2955930075705,158.18842998480633,157.2955930075705,187.0034945590525,0.6302766233350965,0.9790489447145538,2219.9580264643773
38,conservative,2068,353.88456240366537,True,96.56064,241.4016,0.4888888888888889,2086.6462077535607,3.214572202417918,401.54455308746634,0.14000000076444366,0.493195101002903,7.602458827077273,9.396521104027432,8.792401319135134,3.3940315064707874e-05,600.0,773.4934882980638,440.2096144538181,172.87134135816592,100.07758947521873,274.4699123291091,223.36497515986645,237.3238131444635,157.50151681013477,158.40779370039442,157.50151681013477,186.13463514734258,0.6302766233350965,0.9770059347058826,2215.325575256109
39,conservative,2069,357.5899778540019,True,96.56064,241.4016,0.4888888888888889,2069.140858603639,3.199008855084944,403.7719581870918,0.14000000037599064,0.49282355801790056,7.598290588091338,9.355483261995623,8.786767640743921,3.348480150242824e-05,600.0,762.092061882635,435.49381578904706,172.36999889992134,99.19076863738795,272.3166263009954,222.47939758331987,235.48373454296302,157.70354726788523,158.6229011075239,157.70354726788523,185.31120880129902,0.6302766233350965,0.9750640191737785,2210.9223521123804
40,conservative,2070,361.21218216657013,True,96.56064,241.4016,0.4888888888888889,2052.5414801505,3.1841541850674013,405.9248237463989,0.14000000011876423,0.4924608852376279,7.5942149494902225,9.31627813721879,8.78126019905953,3.296788653667694e-05,600.0,751.2712091211225,431.0317270386231,171.89368823402137,98.35059752358086,270.27697975394824,221.63945866177568,233.74110704182604,157.90142671508806,158.83349606859707,157.90142671508806,184.53045273497963,0.6302766233350965,0.9732175406578597,2206.735528946657
41,nominal,2030,312.9344482485471,True,96.56064,241.4016,0.4888888888888889,2324.203911075604,3.4157917169850225,375.16301078033325,0.14000000109085634,0.49721515703050756,7.646828886358394,9.92383951046154,8.852440069498506,4.0552899605828836e-05,600.0,927.2796829872563,505.1529813760378,179.58661584821817,112.1909989799518,303.9434967901376,235.36819035692105,262.5495222592646,155.37235752324668,156.12968567065911,155.37235752324668,197.32087405803918,0.6302766233350965,1.002846291710484,2273.9176489708652
42,nominal,2031,322.66674649083257,True,96.56064,241.4016,0.4888888888888889,2259.1643030160126,3.3624143662123043,381.75429184819416,0.14000000219780442,0.49628019071165996,7.636647731636255,9.784690086714507,8.838652347505594,4.145355653007471e-05,600.0,885.3470441812833,487.19980741038603,177.76369852789205,108.86019134009311,295.831938621052,232.08531766232866,255.60053888233134,155.85747712223974,156.65094650952622,155.85747712223974,194.25699417765006,0.6302766233350965,0.9958629028261503,2258.0830675749185
43,nominal,2032,332.3954606822468,True,96.56064,241.4016,0.4888888888888889,2200.0342891719492,3.3128296645675954,388.12780517130227,0.14000000259236053,0.49533237949362047,7.626237263602059,9.654873379207691,8.824561001463703,3.874453708544119e-05,600.0,847.111667515784,470.9911317909573,176.09639290834062,105.84132146785899,288.48227679357814,229.09800720875734,249.30807196041098,156.35563111721527,157.1847571145824,156.35563111721527,191.4717296217864,0.6302766233350965,0.9894556560809755,2243.554867614869
44,nominal,2033,342.1027074770989,True,96.56064,241.4016,0.4888888888888889,2146.1331144421033,3.266680116127527,394.2920196848906,0.14000000181240307,0.4943752506308257,7.61564088594667,9.53365889077535,8.810225191975423,3.596443713293775e-05,600.0,812.1638341709154,456.3101282203092,174.56790977253567,103.09723931403855,281.80597622485266,226.37306699896266,243.59571607736606,156.86488216109225,157.72912457583905,156.86488216109225,188.93354367769916,0.6302766233350965,0.9835648086054941,2230.1975842977563
45,nominal,2034,351.770761094457,True,96.56064,241.4016,0.4888888888888889,2096.8796273304843,3.2236221945668966,400.26240927194965,0.1400000010051557,0.4934071894519807,7.6048347512777825,9.420366669286022,8.795613053851866,3.422103901560193e-05,600.0,780.1539252644078,442.9711921644503,173.16396914618244,100.5963906305719,275.72980819578777,223.88257991875997,238.4006225026233,157.3865138581461,158.28529962998851,157.3865138581461,186.6160312415404,0.6302766233350965,0.9781386399326774,2217.893943337619
46,nominal,2035,361.38218207552205,True,96.56064,241.4016,0.4888888888888889,2051.774501322683,3.18346550134224,406.02528042753534,0.14000000011193267,0.49244387661743283,7.594023642695863,9.314459734574452,8.78100171096635,3.293004854299705e-05,600.0,750.7710043478668,430.82578197365115,171.87165850690786,98.31179496518112,270.18279081816337,221.6006448356819,233.66064247092433,157.9107232033008,158.84338769185956,157.9107232033008,184.49437937737906,0.6302766233350965,0.9731321035516717,2206.5418034024297
47,nominal,2036,370.91994161589054,True,96.56064,241.4016,0.4888888888888889,2010.3860880678362,3.1459832606861595,411.58206538485445,0.14000000007427843,0.49149056342870984,7.583275643435012,9.215407857013785,8.766483109863342,3.0857885802978385e-05,600.0,723.7496799428766,419.7416994900613,170.68002669358336,96.22023692878598,265.10787456450515,219.50575002472186,229.32640864908655,158.43420365725538,159.40002837484215,158.43420365725538,182.54816853967324,0.6302766233350965,0.9685057391594996,2196.0516896842173
48,nominal,2037,380.3675396150067,True,96.56064,241.4016,0.4888888888888889,1972.338733100178,3.110958810125596,416.93795247683727,0.14000000091275355,0.49054966749044954,7.57262202102027,9.12271646249652,8.752099316201015,2.8893283642429876e-05,600.0,698.8591033726728,409.6038573669395,169.5795436853685,94.30160392250697,260.45651395584144,217.57935053340972,225.3560730794246,158.955394619347,159.95362180668164,158.955394619347,180.75985602744097,0.6302766233350965,0.9642247507145885,2186.3447034188343
49,nominal,2038,389.7091147487687,True,96.56064,241.4016,0.4888888888888889,1937.2998047517196,3.0783276364059105,422.06204571744865,0.1400000094095119,0.48964438410461936,7.562369405841109,9.036013942632996,8.738263810463433,5.42749579381764e-05,600.0,675.8865585071726,400.3213916108323,168.56104549779795,92.53817628990858,256.1762988271065,215.80278699469386,221.70305758358364,159.45914899615187,160.48890202586853,159.45914899615187,179.111423622767,0.6302766233350965,0.9602578504683372,2177.3499007693954
50,nominal,2039,398.9295450753591,True,96.56064,241.4016,0.4888888888888889,1904.9906009221754,3.0477005233525993,427.01826665597684,0.14000001450194396,0.4887413250419221,7.552076354208131,8.954755712558644,8.724380513514658,5.064808263410383e-05,600.0,654.6708463389883,391.7932595949961,167.61848092034458,90.91513081447914,252.24726440440264,214.16589633045217,218.35253494173202,159.96705443706628,161.02756498140164,159.96705443706628,177.59392917479678,0.6302766233350965,0.9565787479884329,2169.0076691327226
51,nominal,2040,408.0145379210378,True,96.56064,241.4016,0.4888888888888889,1875.1526728303322,3.019022122997191,431.78352405538305,0.14000002005025144,0.48785860739535203,7.541983042410915,8.878623225353223,8.710773212554525,4.5910354369114144e-05,600.0,635.0454350654579,383.95058358131814,166.744619231264,89.41881067028872,248.62859837867123,212.6540696515803,215.26822327640699,160.46722128852048,161.55763278869907,160.46722128852048,176.1932834280261,0.6302766233350965,0.9531625371717498,2161.2615348219388
52,nominal,2041,416.95070805300065,True,96.56064,241.4016,0.4888888888888889,1847.5624575965076,2.992250248227029,436.3334476197106,0.14000001400258655,0.48701359868302496,7.532320754030153,8.80733674726099,8.697753099688876,3.3548819748681226e-05,600.0,616.8636096942223,376.7340521177729,165.93315391427043,88.0374340045419,245.28462314990676,211.25453815647052,212.41836097446776,160.9480041067101,162.06736560644148,160.9480041067101,174.89716880721238,0.6302766233350965,0.9499875132360753,2154.0622830294024
53,nominal,2042,425.725643421061,True,96.56064,241.4016,0.4888888888888889,1822.0171857820305,2.9670811956969825,440.7225293670722,0.1400000068796672,0.48617946802209494,7.522735032515491,8.740449246102934,8.684842056033002,3.259953570772497e-05,600.0,600.0106964490375,370.0722690324406,165.17956606384035,86.76036383702278,242.2014304513893,209.95994104837976,209.7927831072472,161.42689624893976,162.57437091375064,161.42689624893976,173.69915906759405,0.6302766233350965,0.9470336975159044,2147.3646128545965
54,nominal,2043,434.32795802938244,True,96.56064,241.4016,0.4888888888888889,1798.3410861111565,2.9434223167877405,444.9493360241516,0.140000004675985,0.48536063381313577,7.513285277721631,8.677684656481858,8.672119887041905,2.983062602672296e-05,600.0,584.3731716248934,363.91588261794857,164.47909381621855,85.57839979412823,239.35482543749424,208.761081300171,207.37041340933052,161.90087647285688,163.07560260902775,161.90087647285688,172.5905323241158,0.6302766233350965,0.9442836653842175,2141.129014586776
55,nominal,2044,442.74733177469426,True,96.56064,241.4016,0.4888888888888889,1776.3704434468295,2.9211779037378895,449.0151294049916,0.13999999999660914,0.4845601083401747,7.504013268298062,8.618766757763096,8.659642550434391,5.44421261072752e-05,600.0,569.8484906772799,358.2190384511068,163.82727680448252,84.48301600473468,236.7227215537316,207.6494555396667,205.13207480575764,162.367765736747,163.56887168835738,162.367765736747,171.5632511589776,0.6302766233350965,0.9417209105671054,2135.3180608476177
56,nominal,2045,450.9745373500204,True,96.56064,241.4016,0.4888888888888889,1755.9712805470642,2.900244827248032,452.92767242453283,0.14000000149319555,0.4837763247973239,7.49489898230673,8.563455449508849,8.647382799938969,4.95774934323398e-05,600.0,556.3481262630113,352.94236061430564,163.22060462125748,83.46723017719424,234.28885228371993,206.61852845519263,203.06390050865537,162.82848302242638,164.05509858711653,162.82848302242638,170.61121041596834,0.6302766233350965,0.9393319851114206,2129.9012588903684
57,nominal,2046,459.0014545557154,True,96.56064,241.4016,0.4888888888888889,1737.0052967163438,2.8803819368954144,456.7387579727931,0.14000003035885278,0.4829855446243313,7.485628485774883,8.511393332920125,8.634918352266343,8.982002607861383e-05,600.0,543.7968330894507,348.0380732614628,162.6559718807306,82.52389582747486,232.0453519724117,205.66359796830056,201.16059305418275,163.29890598573718,164.55030045678964,163.29890598573718,169.73040541217762,0.6302766233350965,0.9371025858671427,2124.8461768403376
58,nominal,2047,466.82107257661187,True,96.56064,241.4016,0.4888888888888889,1719.3675668629412,2.86171641235798,460.3894346227443,0.14000008479498016,0.48222145381141823,7.476650571964098,8.462525571149667,8.62285249921356,8.37732370579948e-05,600.0,532.1103983603749,343.48914038952654,162.12961022359625,81.64757066154041,229.96494891846572,204.77611101860043,199.396611158518,163.75623008825514,165.03149861807913,163.75623008825514,168.91223588639573,0.6302766233350965,0.9350220266644071,2120.12858419435
59,nominal,2048,474.4274809708786,True,96.56064,241.4016,0.4888888888888889,1702.9488590223077,2.8441252517693107,463.8983229047445,0.14000031325199727,0.4814771855954223,7.467872784421201,8.416609907859252,8.611060556183851,6.882665191533413e-05,600.0,521.2234154860723,339.2623916710064,161.638713657156,80.83263439104562,228.03667231381408,203.95116877695196,197.76296402878864,164.20503108716352,165.50331916910196,164.20503108716352,168.15224418182459,0.6302766233350965,0.9330788613734168,2115.722527267606
60,nominal,2049,481.8158502698516,True,96.56064,241.4016,0.4888888888888889,1687.6525046111742,2.8282592275771203,467.0328721121804,0.14000001817491292,0.48087437799561095,7.460933794240439,8.37393178189548,8.601742286152765,6.837354810250643e-05,600.0,511.03505348508907,335.3743698705586,161.17722749044137,80.0741225949965,226.19856322997782,203.17222439522965,196.19891511141722,164.56099050835869,165.8807825813561,164.56099050835869,167.43285639257974,0.6302766233350965,0.9312629007337794,2111.604902281164
61,nominal,2050,488.98240320715314,True,96.56064,241.4016,0.4888888888888889,1673.393317587,2.8127374316259823,470.2278368855325,0.1400000196313554,0.48019106822670227,7.4528606231669405,8.333440299941204,8.590904784309359,6.494287941259007e-05,600.0,501.56297080651024,331.7217795555221,160.74895862737333,79.36766731209546,224.5303383757532,202.45621890321317,194.78662138629764,164.9764426613322,166.3174476889387,164.9764426613322,166.77371744078684,0.6302766233350965,0.9295651238499314,2107.7552546810202
62,nominal,2051,495.92437767983176,True,96.56064,241.4016,0.4888888888888889,1660.0928610464273,2.798216619234696,473.2531446936093,0.14000001049220212,0.4795481761892611,7.445272907925774,8.295451361300579,8.580722728497218,6.222515050693719e-05,600.0,492.7166827536955,328.3264509462241,160.34835775537846,78.70925788311841,222.97273472396103,201.78751984343634,193.4677198615375,165.36820359841465,166.72948454952046,165.36820359841465,166.15814570162632,0.6302766233350965,0.9279771466692599,2104.154573931497
63,nominal,2052,502.6399825951555,True,96.56064,241.4016,0.4888888888888889,1647.6791828112844,2.7846156313504737,476.1206328049733,0.1400000126076045,0.47894142658196226,7.4381156244483835,8.259794757331852,8.571121616367032,6.38181012503922e-05,600.0,484.45137008967896,325.16705629894284,159.97352061098215,78.0952244349192,221.51836110150248,201.16284171449394,192.2361222439021,165.73889205528656,167.11954770659614,165.73889205528656,165.5831471964513,0.6302766233350965,0.926491213891472,2100.785275170036
64,nominal,2053,509.1283477763025,True,96.56064,241.4016,0.4888888888888889,1636.0878656644882,2.7718820450836503,478.8342569556466,0.14000000650298655,0.47837041714065287,7.431386156947819,8.226329685896184,8.562097353262521,6.242173603170393e-05,600.0,476.7250158513143,322.22582592681044,159.62263787143533,77.52228675767998,220.15917772418032,200.57890918766864,191.08494077576327,166.08844649487042,167.4875895204446,166.08844649487042,165.04566937152765,0.6302766233350965,0.9251003461789885,2097.6315330014277
65,nominal,2054,515.38946909148,True,96.56064,241.4016,0.4888888888888889,1625.258744803957,2.7599230327588415,481.4131278649506,0.14000000140076557,0.4778272828825654,7.424981625635263,8.194892789687522,8.553511491554168,6.139054635880427e-05,600.0,469.50110823548096,319.4838760991888,159.2942063124166,76.9873893688242,218.89060832051604,200.03335423198808,190.01070454032308,166.4220470604965,167.8388514842597,166.4220470604965,164.5436302997153,0.6302766233350965,0.9237979653764588,2094.6784316966387
66,nominal,2055,521.4241499375543,True,96.56064,241.4016,0.4888888888888889,1615.1370606485673,2.7486767805041157,483.8672537354608,0.14000000055968084,0.47730874856546834,7.418860363297216,8.165348964668011,8.545307800650816,6.061009098283798e-05,600.0,462.7448533917768,316.92549476505883,158.98674134831154,76.48775639171305,217.70689587837728,199.52363938651877,189.008646420619,166.74173838422158,168.17541478239235,166.74173838422158,164.07471243609405,0.6302766233350965,0.922578047793716,2091.91231275636
67,nominal,2056,527.2339401550083,True,96.56064,241.4016,0.4888888888888889,1605.672542757477,2.738095437928853,486.20293199170465,0.14000000443480323,0.4768133607784245,7.413005013677927,8.13757854555398,8.537462699422328,6.003550740403901e-05,600.0,456.423728574835,314.53688967683667,158.69882835387688,76.02084441027499,216.60211207125977,199.04727737768266,188.07374032405696,167.04831818995092,168.4981041581557,167.04831818995092,163.6366149417902,0.6302766233350965,0.921435027766722,2089.320556238942
68,nominal,2057,532.8210733800332,True,96.56064,241.4016,0.4888888888888889,1596.8189764036129,2.7281386212535548,488.4247947602947,0.14000001191213862,0.4763404350917522,7.407408472407776,8.111472521487505,8.529966376920727,5.9664870061263755e-05,600.0,450.50755902266184,312.3056812291217,158.42914097011922,75.58431948556623,215.57053082082396,198.60191134286254,187.20108683242617,167.3420586955396,168.8072149020175,167.3420586955396,163.2271463917059,0.6302766233350965,0.9203637570196785,2086.891488615455
69,nominal,2058,538.1884037558578,True,96.56064,241.4016,0.4888888888888889,1588.5338206346748,2.7187696975689573,490.536989710299,0.1400000211909852,0.47588946299508067,7.402065949572958,8.086929659785746,8.522812144406371,5.950349453257551e-05,600.0,444.968464610455,310.2205852315319,158.17644769032296,75.17603695318888,214.60681807709653,198.18535283946366,186.3861122032649,167.62311768322732,169.10292717668443,167.62311768322732,162.84427002946904,0.6302766233350965,0.9193594685761719,2084.6143009395128
70,nominal,2059,543.3393428328809,True,96.56064,241.4016,0.4888888888888889,1580.7778681554826,2.709954103691526,492.5436958975822,0.14000003014905799,0.47545986019284037,7.3969715935133955,8.063855020925164,8.5159919109793,5.954468189692424e-05,600.0,439.7807219921219,308.27122916376277,157.93961003339015,74.79402348627164,213.706088792028,197.79558912682273,185.62463241862102,167.89171506876474,169.38548397416895,167.89171506876474,162.48611456488322,0.6302766233350965,0.9184177443036328,2082.4789752555153
71,nominal,2060,548.2777973893672,True,96.56064,241.4016,0.4888888888888889,1573.5149279276343,2.7016588932865044,494.4492205159572,0.14000003646424894,0.47505092483061684,7.392117924943959,8.04215929144684,8.509495427075473,5.9877862720447255e-05,600.0,434.9205838969178,306.44804617998307,157.71757547800047,74.43646045148158,212.86388338286196,197.43077149820573,184.91283548035432,168.14816321607736,169.65522162132666,168.14816321607736,162.1509638492437,0.6302766233350965,0.9175344839800318,2080.476214458498
72,nominal,2061,553.0081088045988,True,96.56064,241.4016,0.4888888888888889,1566.7115885045332,2.6938519732503994,496.25822618580116,0.14000003856474785,0.4746617315102945,7.387494388479142,8.021758047737713,8.503308347793938,6.0387400126966136e-05,600.0,430.3661420579093,304.7421715683776,157.509374423732,74.10167138754237,212.07617984087173,197.0892137580341,184.2472981602501,168.39294429576745,169.91264770390958,168.39294429576745,161.8372570928235,0.6302766233350965,0.9167058831184773,2078.597392012211
73,nominal,2062,557.5349945171799,True,96.56064,241.4016,0.4888888888888889,1560.3369493697423,2.6865030886707855,497.9753144479909,0.14000003632874375,0.4742913381656869,7.383090103601732,8.002572081125043,8.497415916104515,6.0961511195513235e-05,600.0,426.0971126388848,303.1454288019903,157.31410768173146,73.78810803242965,211.33928036562293,196.76935937664624,183.62487664191568,168.62656542503737,170.15829488069807,168.62656542503737,161.54355492405665,0.6302766233350965,0.9159284060046633,2076.8344908125096
74,nominal,2063,561.8634920049998,True,96.56064,241.4016,0.4888888888888889,1554.3623927782862,2.6795843511775788,499.604772536648,0.1400000306651329,0.47393890789889015,7.378895506515523,7.984527459465365,8.491805157696337,6.158536714738208e-05,600.0,422.09466574686917,301.65029889496526,157.13093731792907,73.49433845301647,210.64973631972333,196.46975888155606,183.04263509502786,168.84947103022728,170.39263237866575,168.84947103022728,161.26851634018897,0.6302766233350965,0.9151987628650262,2075.1800514169754
75,nominal,2064,565.9989056319838,True,96.56064,241.4016,0.4888888888888889,1548.761404669311,2.6730702652288567,501.1505090611634,0.1400000233492952,0.47360373710210385,7.374902731190824,7.967555333838689,8.486465387372688,6.220278304675786e-05,600.0,418.34129880668115,300.2498736675431,156.95908138958865,73.21903767959677,210.00431614089004,196.18905859354226,182.49781669689813,169.06202148717722,170.6160443166525,169.06202148717722,161.0108877675661,0.6302766233350965,0.9145138923472957,2073.6271323202004
76,nominal,2065,569.9467566216418,True,96.56064,241.4016,0.4888888888888889,1543.509397121973,2.666937695298429,502.6160141369207,0.14000001626649186,0.47328527252780533,7.37110585793089,7.9515916778514715,8.481388538093968,6.27335311735426e-05,600.0,414.8207223591958,298.9378078758184,156.79780884369265,72.96097849345378,209.39997700090618,195.92599037250056,181.98781840842864,169.26447873396836,170.8288151007439,169.26447873396836,160.76949319588775,0.6302766233350965,0.9138709436154728,2072.1692693547984
77,nominal,2066,573.7127363395138,True,96.56064,241.4016,0.4888888888888889,1538.583540618779,2.6611652076831227,504.0045598407414,0.1400000105511393,0.4729830160580104,7.367499659727263,7.936576605063301,8.476567481937582,6.315748654821134e-05,600.0,411.5177848375121,297.7082426881508,156.6464374974528,72.71902276412416,208.83388010576925,195.67937224659676,181.51020963347395,169.45707216732325,171.03119587094875,169.45707216732325,160.54323618622294,0.6302766233350965,0.9132672591350337,2070.8004366574773
78,nominal,2067,577.3026629965794,True,96.56064,241.4016,0.4888888888888889,1533.9626258431497,2.6557325919972294,505.31934364652835,0.1400000066997831,0.47269645817284545,7.364078708338791,7.92245386371763,8.47199483384432,6.346852828454794e-05,600.0,408.41839981695654,296.5557463228137,156.50433212132063,72.49211429582832,208.3033990533196,195.44810775762056,181.06274330045673,169.64004599708522,171.2234522407407,169.64004599708522,160.33110028516887,0.6302766233350965,0.9127003606337443,2069.515014835696
79,nominal,2068,580.722441823816,True,96.56064,241.4016,0.4888888888888889,1529.6269339935832,2.6506205577500124,506.563571630215,0.14000000473369617,0.472425041211455,7.360836878318853,7.9091704519836625,8.467662288396198,6.367134413435753e-05,600.0,405.50947245223523,295.4752669226126,156.370901909696,72.279272141609,207.80611760315708,195.23118287107448,180.64335608775198,169.8136857128538,171.40589098189886,169.8136857128538,160.13214669710166,0.6302766233350965,0.9121679357290711,2068.307760645801
80,nominal,2069,583.9780287144098,True,96.56064,241.4016,0.4888888888888889,1525.558119240563,2.64581061302666,507.7404766362972,0.14000000440593544,0.4721681534681527,7.357767263402041,7.896676368856919,8.463560508130083,6.377733765764445e-05,600.0,402.7788251575055,294.462098143068,156.24559745488094,72.07958455658695,207.33981717915668,195.02766058807546,180.25015804815413,169.97832261939158,171.578864584336,169.97832261939158,159.94550933990246,0.6302766233350965,0.911667825715206,2067.173779300549
81,nominal,2070,587.0753972844666,True,96.56064,241.4016,0.4888888888888889,1521.7391385344733,2.641284992262545,508.8533268141904,0.14000000509946314,0.4719251248132621,7.354862117175357,7.8849244902724935,8.459679044296402,6.347787794907072e-05,600.0,400.2151344362077,293.5118569595153,156.12790912771672,71.89220531157707,206.90246999747956,194.8366780108984,179.8814270099815,170.13433706501908,171.74277444074232,170.13433706501908,159.7703921529071,0.6302766233350965,0.9111980188874433,2066.1085093323723
82,aggresive,2030,472.5954848884498,True,96.56064,241.4016,0.4888888888888889,1706.8395709921115,2.8481908470235426,463.0965213470437,0.1400002911223331,0.48163594266097415,7.469715629163567,8.427446183035384,8.61353579937045,7.00814531816577e-05,600.0,523.8107221877237,340.2558503503716,161.75569342086948,81.02567649975543,228.50127845941003,204.14852489368363,198.15783097074512,164.11067053787187,165.40354305447875,164.11067053787187,168.33439592461195,0.6302766233350965,0.9335398923023686,2116.767898203043
83,aggresive,2031,490.43707810857916,True,96.56064,241.4016,0.4888888888888889,1670.565478901109,2.809652685169592,470.86767419649607,0.14000001829979936,0.48005467621499653,7.451249982691078,8.32538062283544,8.588743139515268,6.433324377991137e-05,600.0,499.683086488971,330.9988941277323,160.66388186047232,79.2276372246278,224.19936021228094,202.31412798825718,194.50639654306772,165.059496803335,166.40477353800904,165.059496803335,166.64291678419062,0.6302766233350965,0.9292278538092951,2106.990507077911
84,aggresive,2032,508.2566531506551,True,96.56064,241.4016,0.4888888888888889,1637.6228821538546,2.773571828575768,478.47230893348257,0.14000000738713514,0.4784465637705075,7.432283655874907,8.230772007030795,8.56330074007695,6.258776131649708e-05,600.0,477.74858271456975,322.61492798004787,159.66914613717793,77.59813656477539,220.3391256278792,200.6562473343435,191.2373431531658,166.04176949285952,167.43844025210188,166.04176949285952,165.1168490746238,0.6302766233350965,0.9252847244339849,2098.049604017483
85,aggresive,2033,525.999449199032,True,96.56064,241.4016,0.4888888888888889,1607.6612223665745,2.7403241302726355,485.7088035650371,0.14000000324169357,0.4769183181573881,7.414246188775455,8.143425372522453,8.539125467036724,6.014244358323935e-05,600.0,457.7522013668448,315.0384897665238,158.75935729601852,76.11892909312283,216.83407610613716,199.1473479477848,188.27000827808078,166.9832680882364,168.42964186303837,166.9832680882364,163.72863593625124,0.6302766233350965,0.9216753845059056,2089.865556440664
86,aggresive,2034,543.6116466844784,True,96.56064,241.4016,0.4888888888888889,1580.3730363154264,2.7094927548645837,492.649232323965,0.1400000305817964,0.4754372363988496,7.396703181432992,8.062647955867835,8.51563261101434,5.955228182726122e-05,600.0,439.5098757546735,308.1695483102237,157.92724038813992,74.77408887488295,213.659112384344,197.77525003060842,185.5849246327667,167.90588307311893,169.4003871468357,167.90588307311893,162.46742735930022,0.6302766233350965,0.9183685475623729,2082.367423426339
87,aggresive,2035,561.0410130878932,True,96.56064,241.4016,0.4888888888888889,1555.4887299146,2.6808910359033162,499.29606310010365,0.14000003196910743,0.47400574952478525,7.379691349642207,7.98793396172456,8.492869604775214,6.145869846924393e-05,600.0,422.84931472985613,301.9320619719829,157.16548065396043,73.54971211863963,210.77964595226814,196.5262262325034,183.1523150950073,168.80714845344707,170.34814256141308,168.80714845344707,161.32034938530074,0.6302766233350965,0.9153363882745817,2075.49211204912
88,aggresive,2036,578.2375080959839,True,96.56064,241.4016,0.4888888888888889,1532.7710493635784,2.6543290525355205,505.6602765379184,0.14000000599361356,0.47262210664318344,7.363190796856378,7.91880630094514,8.470808118445637,6.353324036561058e-05,600.0,407.6190239079474,296.2587121290764,156.4676709742422,72.43361312645084,208.16668909597942,195.38848451506368,180.9474406610495,169.68758067230104,171.27339649835784,169.68758067230104,160.27641387319318,0.6302766233350965,0.9125540845506297,2069.183339114535
89,aggresive,2037,595.1538336261617,True,96.56064,241.4016,0.4888888888888889,1512.0102946659597,2.6297060367879053,511.7253700093284,0.1400000099032402,0.471297278970785,7.347351505907587,7.85487585789274,8.449646834411359,6.223937784997011e-05,600.0,393.68114967577037,291.09420874248246,155.82776185533075,71.41506358611501,205.78984052283852,194.3503663346797,178.94360844861197,170.53857564720371,172.1674430527079,170.53857564720371,159.32457491000486,0.6302766233350965,0.90999940746666,2063.3907013427465
90,aggresive,2038,611.7459165828768,True,96.56064,241.4016,0.4888888888888889,1493.0199252969394,2.606891039520135,517.4911704878647,0.14000002825379665,0.4700340983883675,7.332216810741125,7.79575645122606,8.429441587093008,5.925116131549496e-05,600.0,380.9147608626365,286.3878139016863,155.2404914465185,70.48455656369245,203.62462865388568,193.40209677460973,177.11967155487758,171.35711239071284,173.0272197302337,171.35711239071284,158.4556736762254,0.6302766233350965,0.9076523241931849,2058.0687750183683
91,aggresive,2039,627.9733149776675,True,96.56064,241.4016,0.4888888888888889,1475.6372385547259,2.5857843716159303,522.9507488057147,0.1400000106727609,0.4688379433073,7.317865205126347,7.741113527746458,8.410295033636201,3.16753515939211e-05,600.0,369.21155086787167,282.0963319856914,154.70116072876687,69.63382305835778,201.64859521066407,192.53484852621196,175.4560610124913,172.13821048121702,173.84768777702203,172.13821048121702,157.66140103804932,0.6302766233350965,0.9054952020297389,2053.177578631652
92,aggresive,2040,643.7995410703285,True,96.56064,241.4016,0.4888888888888889,1459.707026759025,2.5660531797231942,528.1953933792769,0.14000001421775932,0.4676712167682942,7.3037957055211855,7.690453337644941,8.39153733855863,3.266414818578806e-05,600.0,358.4830822123735,278.16836818031754,154.20627263281034,68.85501898926465,199.85594964760352,191.7440424919632,173.94989354951153,172.90863543403844,174.65590061038233,172.90863543403844,156.93804579066597,0.6302766233350965,0.9035108765952904,2048.6781925702066
93,aggresive,2041,659.1922982930024,True,96.56064,241.4016,0.4888888888888889,1445.096206010755,2.547854605948482,533.123068598637,0.14000003606830078,0.4665821232590083,7.2906625815575605,7.643646693850482,8.37403918693819,7.001662753222444e-05,600.0,348.6314047109578,274.5809585930936,153.75077950158996,68.14143079900504,198.2119169341709,191.01829752849935,172.5685984685638,173.63200023704232,175.4151258776218,173.63200023704232,156.2742931114032,0.6302766233350965,0.9016845437214098,2044.5370489182424
94,aggresive,2042,674.1236317350979,True,96.56064,241.4016,0.4888888888888889,1431.6995381240044,2.5307641463567916,537.8785269243052,0.14000005451940947,0.46550870579246295,7.277635699226063,7.600223234855675,8.356693211324153,3.3704030340680477e-05,600.0,339.5940550973108,271.29032149687083,153.33322323552264,67.48774381153302,196.72591447195657,190.3578865393695,171.32369250840856,174.35356370171198,176.1710828594309,174.35356370171198,155.67129686173666,0.6302766233350965,0.9000045619771558,2040.7277511526872
95,aggresive,2043,688.5699947471827,True,96.56064,241.4016,0.4888888888888889,1419.3964556899227,2.5154067087981447,542.1608242336945,0.1400001818552583,0.46458454360220014,7.266521197067737,7.560375832564838,8.341902023743275,3.463653815927161e-05,600.0,331.2699032336498,268.29780933754006,152.94670046249615,66.88792793772184,195.33369781714703,189.74408749387013,170.1526164716323,174.97241120295263,176.82185992576774,174.97241120295263,155.1097105600559,0.6302766233350965,0.8984570975679086,2037.2189316452234
96,aggresive,2044,702.5122366479084,True,96.56064,241.4016,0.4888888888888889,1408.0944872450816,2.5008492547211065,546.3401577268216,0.1400000819187618,0.4636515109275183,7.25519902380316,7.523295155734227,8.32684236682803,4.3186802103219953e-05,600.0,323.63016631355435,265.5411506403097,152.5923902586717,66.33735169916119,194.08075266100167,189.18661463195227,169.1030555417457,175.60588237390814,177.48605028362482,175.60588237390814,154.60082334889537,0.6302766233350965,0.8970316072237394,2033.986683913106
97,aggresive,2045,715.9355185055305,True,96.56064,241.4016,0.4888888888888889,1397.7085365842038,2.487202579050961,550.3460650806311,0.14000005171543936,0.4627433019275805,7.2441213886575575,7.488893368927187,8.312115678355946,4.544612389589323e-05,600.0,316.6096662708055,263.006928542746,152.26691763554444,65.83176550914403,192.94383150076118,188.67781145315828,168.15316228378774,176.22868025881183,178.13813667080757,176.22868025881183,154.13703179810742,0.6302766233350965,0.8957182857281815,2031.008774983086
98,aggresive,2046,728.82916546691,True,96.56064,241.4016,0.4888888888888889,1388.1595947311073,2.474895212534088,553.9640409322515,0.140000188928003,0.46195225273945273,7.234539591287198,7.45730530441,8.299383709686023,4.414123464073563e-05,600.0,310.1372156717773,260.69615297225823,151.9656346650365,65.36723530904818,191.87946616574123,188.20494132044806,167.26056334894093,176.76979491453574,178.70638149921749,176.76979491453574,153.7051926932389,0.6302766233350965,0.8945079323372185,2028.2643425013064
99,aggresive,2047,741.1864651090311,True,96.56064,241.4016,0.4888888888888889,1379.3760524711718,2.463404324900583,557.4034145978533,0.14000020201714658,0.46119199512837716,7.225298369451184,7.42802785991576,8.287109678208367,4.4210931344323134e-05,600.0,304.1830497065465,258.57098288284396,151.68846572059317,64.94020329130748,190.9092167464284,187.77211514007232,166.44838864608658,177.2938098885331,179.25611107236145,177.2938098885331,153.31032436349435,0.6302766233350965,0.893392142604041,2025.7343296889885
100,aggresive,2048,753.0044218087182,True,96.56064,241.4016,0.4888888888888889,1371.2860981617673,2.4512893748887565,561.2935920263942,0.14000479614667333,0.46021111847722956,7.212894197184112,7.399966689709567,8.270642984415895,9.316024220118554e-05,600.0,298.75184311196443,256.55731625841133,151.43947499890197,64.54711574784594,190.11593136873023,187.3982626303318,165.8016312329812,178.0004899282895,179.9893905913805,178.0004899282895,152.97379204303326,0.6302766233350965,0.8923623636473972,2023.3993431976319
101,aggresive,2049,764.2834772078536,True,96.56064,241.4016,0.4888888888888889,1363.8561058899336,2.442545347353254,563.8227312708791,0.14000013059563335,0.4597421312739419,7.207555061144022,7.375669110884108,8.263558145353784,2.519305202942916e-05,600.0,293.664272496799,254.81123582987317,151.1993314994089,64.18628533192955,189.22590175446473,187.01508179704643,165.044655328863,178.30584154848754,180.31569612203833,178.30584154848754,152.62107089458638,0.6302766233350965,0.8914148065721392,2021.2507918447009
102,aggresive,2050,775.0272065543188,True,96.56064,241.4016,0.4888888888888889,1357.0049320025216,2.4334736541400903,566.6314348756579,0.14000018449960863,0.45912685446629664,7.200066211291817,7.3525478336189725,8.253623683885785,2.5343650252101605e-05,600.0,289.0097137681232,253.16453511738973,150.9819911936524,63.85372617109076,188.47117403925253,186.67776156345275,164.4132303550393,178.735334977112,180.7664764906032,178.735334977112,152.31346596756484,0.6302766233350965,0.8905395410459562,2019.2661589613022
103,aggresive,2051,785.2420000943131,True,96.56064,241.4016,0.4888888888888889,1350.6897448917625,2.4233717351045003,570.0585639120612,0.14000015149367967,0.4582300815947046,7.188700915809326,7.329987186702492,8.238553475721718,6.152089516764291e-05,600.0,284.7794860000192,251.58162281988027,150.7891579705141,63.547321627033746,187.89065795202828,186.3967363090941,163.94743917996342,179.3898290699515,181.44382388573146,179.3898290699515,152.06215295729012,0.6302766233350965,0.8897314445004512,2017.4338293091055
104,aggresive,2052,794.9367378551856,True,96.56064,241.4016,0.4888888888888889,1344.8756647437838,2.4155793294905794,572.5282029176582,0.1400004835285513,0.4576890632565794,7.182092143772836,7.3102045826587245,8.229794010701942,5.722504288045199e-05,600.0,280.82536022338945,250.18815007269214,150.6043721058151,63.26534706546965,187.25402540398278,186.11136953530126,163.415471030614,179.77190307484983,181.84466913750688,179.77190307484983,151.80210911883225,0.6302766233350965,0.8889863558375236,2015.7443677488607
105,aggresive,2053,804.1224651637826,True,96.56064,241.4016,0.4888888888888889,1339.5163819076497,2.408563476164387,574.7362036892698,0.1400028811854411,0.45722505688530046,7.176429238861403,7.292061216454082,8.222290369247208,5.346948525607557e-05,600.0,277.17212289225375,248.91308274793965,150.43295953442902,63.005529016203965,186.6549975374905,185.8446549516009,162.91280431030185,180.10017156577032,182.19016751392493,180.10017156577032,151.55862489966265,0.6302766233350965,0.8882985990144989,2014.184904059357
106,aggresive,2054,812.812075162294,True,96.56064,241.4016,0.4888888888888889,1334.5745252222957,2.4022997996334854,576.6793398610729,0.14000821730344312,0.4568411488416613,7.1717392003265035,7.275463830160027,8.216077322372467,5.1369460963741416e-05,600.0,273.79433563878337,247.747638064964,150.2736862384736,62.76603252926561,186.08798897226177,185.59418184405595,162.43451380237562,180.3726602122079,182.47836472697352,180.3726602122079,151.32947264040396,0.6302766233350965,0.8876635972232357,2012.7450604938804
107,aggresive,2055,821.0200034718823,True,96.56064,241.4016,0.4888888888888889,1330.0170339988429,2.3947703333169956,579.3357804127037,0.14000937796783025,0.4561469632178356,7.162881199923666,7.25889046581749,8.204346536649227,7.857334123151008e-05,600.0,270.73852092926796,246.6075692883927,150.13457225936247,62.54523568231192,185.68185020477748,185.3945556701157,162.1112696858415,180.8888319051658,183.01227838421042,180.8888319051658,151.1515841474575,0.6302766233350965,0.8870772892474351,2011.4156283915472
108,aggresive,2056,828.7619390638173,True,96.56064,241.4016,0.4888888888888889,1325.8095806380093,2.389548882867871,580.9275859813515,0.1400281905620767,0.45586389132481653,7.15917342527956,7.244901189408435,8.199437707946931,6.612947014481483e-05,600.0,267.8548556240447,245.62335579366743,149.99804250494958,62.341458718184775,185.1903148422805,185.1759576366825,161.6951829944423,181.10548531987035,183.24240133038478,181.10548531987035,150.95177848355667,0.6302766233350965,0.8865354178410082,2010.1869546010253
109,aggresive,2057,836.0545543672681,True,96.56064,241.4016,0.4888888888888889,1321.9476503375543,2.3756575742696056,586.9285169512231,0.1400149577921822,0.4538163039677959,7.132137789351352,7.225479197760459,8.163670007749321,7.837465068591427e-05,600.0,265.50845125948723,244.37932053768162,149.91426310402468,62.15446838223686,185.35082879516014,185.143078346615,161.9305593051535,182.6959261910294,184.86180904387714,182.6959261910294,150.946093930976,0.6302766233350965,0.8860375410726918,2009.0580370591792
110,aggresive,2058,842.9152567003667,True,96.56064,241.4016,0.4888888888888889,1318.3763660322725,2.3694584611119196,589.2238242608206,0.140013757266771,0.45320784562489386,7.124359859611615,7.212191303383718,8.153388248055247,7.779732977349437e-05,600.0,263.1148537999139,243.4825401357551,149.80619711379387,61.981595262270815,185.05190529555085,184.99260976968193,161.69674813985867,183.15699095220177,185.33786895549147,183.15699095220177,150.81279668205505,0.6302766233350965,0.8855767024977516,2008.0131022794976
111,aggresive,2059,849.3619622748121,True,96.56064,241.4016,0.4888888888888889,1315.0968736598304,2.362157942227131,592.1768963229442,0.14000000165305507,0.45231998426664205,7.11301309055282,7.198739441845436,8.138395439068333,2.24633572472535e-05,600.0,260.962820721347,242.60164349049978,149.7142645748375,61.82288442557725,184.88604715299653,184.88605170373248,161.59166552005,183.8324477346313,186.03021340304218,183.8324477346313,150.72328757228422,0.6302766233350965,0.885153150122612,2007.052712607566
112,aggresive,2060,855.4128933036719,True,96.56064,241.4016,0.4888888888888889,1312.0617323811366,2.354350701189374,595.4357317207919,0.140000002021105,0.45131616129707475,7.099744719132576,7.185629052711186,8.120873562853674,2.705197832515523e-05,600.0,259.0064186451735,241.75051275275592,149.63397101067787,61.67603112416384,184.8040717358976,184.80408515486815,161.56657559387963,184.6265899744134,186.84212471479475,184.6265899744134,150.6590523710932,0.6302766233350965,0.8847608423256841,2006.1631688852258
113,aggresive,2061,861.0863981395321,True,96.56064,241.4016,0.4888888888888889,1309.2600200686272,2.3470592370881604,598.5133557500128,0.14000000539624488,0.45037178507994047,7.087247995514471,7.173442325396986,8.104380552180249,5.0297985636587074e-05,600.0,257.20197701436615,240.96443119399106,149.56020435298524,61.54049961456235,184.73461361832685,184.73034828425622,161.549672012429,185.37881199757706,187.6110894322718,185.37881199757706,150.60172430753371,0.6302766233350965,0.8843984378538636,2005.3414298696357
114,aggresive,2062,866.4007938826422,True,96.56064,241.4016,0.4888888888888889,1306.6796315613385,2.3404987110868656,601.291436182091,0.1400000022875454,0.4495304397087635,7.076120703209746,7.162306041572212,8.089702928272754,3.526679217349863e-05,600.0,255.53008576287667,240.24827698216396,149.49150949649137,61.4156979048378,184.66044975301585,184.65996239590856,161.52380911227476,186.05210961310436,188.29966678517158,186.05210961310436,150.54619903278208,0.6302766233350965,0.8840644331065712,2004.5840862009336
115,aggresive,2063,871.3742305189487,True,96.56064,241.4016,0.4888888888888889,1304.2971946151458,2.3343818281310544,603.9061316632578,0.140000001836978,0.4487410973532851,7.06567117901567,7.151962672833253,8.07592620380702,3.540684597540802e-05,600.0,253.9875004815748,239.58682321416381,149.4283311581922,61.30049012641183,184.59636198310176,184.59637481666897,161.50434782332403,186.68742372017695,188.9493344325153,186.68742372017695,150.4963506996231,0.6302766233350965,0.8837558558932581,2003.8843985446865
116,aggresive,2064,876.0245753659362,True,96.56064,241.4016,0.4888888888888889,1302.0984252116327,2.328728122609584,606.3402465306178,0.1400000013164689,0.4480100534887283,7.055988286176337,7.142395814747016,8.06316615292894,3.6733095059055546e-05,600.0,252.56258662857675,238.97768171507317,149.3700366939715,61.19418095738137,184.53806503089365,184.53807303596935,161.4872372112345,187.27876113334605,189.5540494358929,187.27876113334605,150.45070223914257,0.6302766233350965,0.8834709008516748,2003.2382733073741
117,aggresive,2065,880.3693164084915,True,96.56064,241.4016,0.4888888888888889,1300.0689374640938,2.323496413001651,608.6082590611303,0.14000000120608086,0.44733193057545756,7.04700143035999,7.13354186016058,8.051328443814427,3.961356747249675e-05,600.0,251.24653301236128,238.41635680354145,149.31627065149408,61.096070927700126,184.48540848354574,184.48473896576428,161.4726000232787,187.82987050196638,190.1176311876726,187.82987050196638,150.40902219230526,0.6302766233350965,0.8832077419120594,2002.6415699419408
118,aggresive,2066,884.4254829853135,True,96.56064,241.4016,0.4888888888888889,1298.1971000069232,2.318697058052239,610.6988059592527,0.14000000006011978,0.44671079207452613,7.038768587416995,7.125382846404755,8.04048825200496,3.0228664782998163e-05,600.0,250.02974292277528,237.90072007312182,149.26654067522279,61.005594395895955,184.43525794095189,184.4352503958213,161.4574960274592,188.3366766320452,190.63597444463556,188.3366766320452,150.3702197787151,0.6302766233350965,0.882964903699363,2002.0909430888933
119,aggresive,2067,888.2095822265779,True,96.56064,241.4016,0.4888888888888889,1296.4686146315364,2.314251986168493,612.646775656427,0.1400000003178556,0.4461340822877733,7.031120744845381,7.117829200761444,8.030422022541032,2.5785266023409384e-05,600.0,248.9058569387012,237.42511263023152,149.2206655870176,60.92205739504426,184.3900370480761,184.38996042461255,161.44464275879992,188.8091370898499,191.11918747206698,188.8091370898499,150.33478569958507,0.6302766233350965,0.8827405592465606,2001.5822501666648
120,aggresive,2068,891.7375496340429,True,96.56064,241.4016,0.4888888888888889,1294.868476075323,2.31014001186413,614.4576062983032,0.14000000004866942,0.4456002753934999,7.024039704097718,7.110830158791409,8.021104995826862,5.3511380981313856e-05,600.0,247.86710743559206,236.98578243754855,149.17816900369257,60.84473234585556,184.3481145643178,184.34811463449347,161.43268000468814,189.2480196258017,191.56808095760437,189.2480196258017,150.30203677325517,0.6302766233350965,0.8825327843627933,2001.1111281421663
121,aggresive,2069,895.0247122248852,True,96.56064,241.4016,0.4888888888888889,1293.3980636653732,2.3063355943149455,616.1431861017945,0.14000000007340488,0.4451043368096749,7.017456851472466,7.104372454679077,8.012446200635571,2.5973625912779018e-05,600.0,246.90833152204456,236.5819166316713,149.13922813024737,60.77368381407534,184.311509289007,184.3102689179967,161.42361911431956,189.65726924195377,191.9866357130797,189.65726924195377,150.27255968918223,0.6302766233350965,0.8823417786954468,2000.678029708615
122,aggresive,2070,898.0857627207814,True,96.56064,241.4016,0.4888888888888889,1292.0358593314477,2.302860228240234,617.6851795977163,0.14000000018909864,0.44465400068612226,7.011481484733782,7.098419720753992,8.004588741869375,3.117248293850752e-05,600.0,246.0205692217871,236.2100919851248,149.1029110641116,60.707870292726206,184.27430239167276,184.27437760817529,161.41189772476787,190.02979446148973,192.36772835904227,190.02979446148973,150.24434797709364,0.6302766233350965,0.8821647645924671,2000.276656640569
