,mission_range,cruise_speed,duration,Weight|takeoff,LiftRotor|radius,LiftRotor|Cruise|RPM,LiftRotor|Cruise|CT/sigma,LiftRotor|Cruise|mu,LiftRotor|HoverClimb|T_to_P,LiftRotor|Cruise|T_to_P,LiftRotor|HoverDescent|T_to_P,Weight|residual,Weight|payload,Weight|battery,Weight|propulsion,Weight|structure,Weight|equipment,Power|segment_1,Power|segment_3,Power|segment_5,DiskLoading|LiftRotor|segment_1,DiskLoading|LiftRotor|segment_3,DiskLoading|LiftRotor|segment_5,Energy|entire_mission
1,10,36,0.36666666666666664,1221.3275220987919,3.356514981177313,480.25212740604826,0.047912381,0.059239450059989825,9.845693131115482,11.999999999654403,12.000000000000933,1.1542370859998851e-07,600,223.88718839533783,146.7871037480553,179.02811187254224,71.62545782350551,124.04688078678923,101.7778739018871,101.77729350822474,84.55460284509772,84.54699719894582,84.55460284509772,38.06082202720743
2,10,72,0.22777777777777777,1094.796989675139,3.177893329,570.2269376,0.037915934986512155,0.1053851759836928,9.845693131,12.000000030070936,12.000000000003894,9.667178003576253e-08,600,126.16058414390172,130.7810771569495,173.79706163003567,64.05795582339398,111.1955222548039,91.24039466,91.23308247289864,84.55460284505598,84.55329155051773,84.55460284505598,21.44729930446329
3,10,108,0.18148148148148147,1058.2643744701718,3.124421842391964,575.3850190747893,0.038536127311450466,0.1592945274413298,9.845694209720609,11.99999879864384,12.000001633728239,7.389075141725234e-07,600,97.94648088954925,126.18741244186197,172.24320427565985,61.88641726580303,107.48499312779308,88.22192686751563,88.18868586615211,84.55457982,84.57834021208123,84.55457982,16.650901751223373
4,10,144,0.15833333333333333,1040.9985614772654,3.0988287936075825,538.4511726,0.044767617,0.2286634333849924,9.845693131115631,12.000000000001917,12.000000000001153,4.441304693585737e-07,600,84.55838386902032,124.07592296593722,171.50133448979844,60.86225372,105.7313637,86.84796102944023,86.74988012309711,84.55460284509462,84.64210481162436,84.55460284509462,14.374925257733453
5,10,180,0.14444444444444443,1031.0829543790253,3.0840351661788614,452.14039904393695,0.064198733,0.3415057949158543,9.845693129167229,11.999999983334533,11.999999997049978,2.993013914336997e-07,600,76.76786940901327,122.96680118503656,171.0730267789683,60.27470992156082,104.72426276668209,86.15153817886286,85.92357955270849,84.55460288668388,84.77082023257853,84.55460288668388,13.050537799532256
6,10,216,0.13518518518518519,1030.5499392133343,3.0832379425706775,369.6550256744311,0.096351211,0.5000524174030596,9.845693182333154,10.254416393402822,12.000000077578633,1.142206724856771e-06,600,76.10296608468614,123.15494696809506,171.04995554956207,60.243139351710155,104.67012531555679,101.03260198067204,85.87916104591218,84.55460175,84.99612956525947,84.55460175,12.937504234396645
7,10,252,0.1285714285714286,1058.3358368089089,2.7864854037301936,476.3250680343282,0.089502427,0.5000000234320334,8.968399253996164,7.853029999161132,10.701724078336111,1.2444720337161968e-06,600,87.1435821,136.16100521999826,173.14170596015535,61.89065908856065,118.00721698884367,135.74549716849847,98.89395662436641,106.31443788201437,107.07544576615831,106.31443788201437,14.814408956874608
8,10,288,0.12361111111111112,1092.0608802232812,2.5519414989869404,593.0217845432447,0.08489434,0.5000000619115912,8.226278935,6.207458824950909,9.648415936919758,9.251585176156524e-06,600,99.29652513656646,153.3253466830409,175.5408594992578,63.89510726256068,132.75271710159964,177.6163543673761,113.18551017732348,130.7939667561747,132.0371427200985,130.7939667561747,16.880409273216294
9,10,324,0.11975308641975307,1130.8473687812923,2.362235936011337,718.7190959,0.081744781,0.5000000242060922,7.590821000949308,5.026481191987366,8.776674745357454,2.9124188263742237e-07,600,112.6707784501176,173.75451306152354,178.21583866663482,66.20677827,148.97563368176756,227.7725270393664,128.84690404865123,158.0664639,160.0145980786456,158.0664639,19.15403233651999
10,10,360,0.11666666666666667,1172.1752142731173,1.7642541400575824,1070.2125437693576,0.12269976328397092,0.5000465577426252,5.787000365926119,4.965233037125814,6.438335536,0.00037174,600,138.22860700822707,181.15577741694943,184.13277194828999,68.67733845835396,202.55316055877407,238.77159218250426,182.06184001865827,293.7328596850935,297.05765500197526,293.7328596850935,23.49886319
11,10,396,0.11414141414141413,1224.2911406645562,1.9855575108832475,1038.895380680048,0.085360521,0.500000001,6.304643695197881,3.6173508741676064,7.090042612693113,6.863812742056582e-07,600,145.7091367212463,221.68198891530105,185.0956359949877,71.80355055171526,194.1887916,344.6940971021225,172.67754335816554,242.21556913799688,246.66088650099945,242.21556913799688,24.770553242611868
12,10,432,0.11203703703703703,1283.633520778911,1.852341236259469,1210.1344748267145,0.087415588,0.5000402992631694,5.804119101611744,3.1088340056170973,6.459653133741932,7.520823147874808e-05,600,165.78253529725262,253.22331883180968,189.25876539272844,75.37757352507491,221.15905933468167,422.12056345368205,198.71554930308324,291.7973542339237,298.28595174753195,291.7973542339237,28.183031000532946
13,10,468,0.11025641025641025,1352.4152605419156,1.6238307153404639,1491.9049376933842,0.10285727833573666,0.4999984322626821,5.034816809963222,2.8197475448275227,5.516891574683153,7.022427938572174e-05,600,194.56355177431067,282.9082820112196,195.41302143827724,79.53878531091149,268.61260530187883,491.5458387729953,245.14080841249591,400.0468440870031,409.9524574900732,400.0468440870031,33.07580380163281
14,10,504,0.10873015873015873,1440.1432347703367,1.7253852871839204,1500,0.085691345,0.4999999999999851,5.170189357618826,2.3002453103239358,5.680570762,6.82570203935345e-07,600,212.9596702905325,343.4260269081125,198.88375806523794,84.87460568452414,278.54748349751094,646.8202361400555,253.52086879764596,377.3251886341944,389.786074,377.3251886341944,36.20314394939052
15,10,540,0.10740740740740741,1554.757612496799,1.8317223241196146,1499.9999999998734,0.073500357,0.4999999999999905,5.271872527978855,1.913887435350654,5.8041285216170575,1.8663070744619045e-06,600,237.63291160809044,421.6329366655475,203.6009203069538,91.89221004470582,294.9156308779086,847.009029,267.8709829918853,361.43125442767484,376.81302076168424,361.43125442767484,40.39759497337537
16,10,576,0.10625,1701.133063626535,1.934703045466765,1499.999999999776,0.06525599,0.5000000000029717,5.318332427212602,1.628939738580982,5.860759503995689,9.694485864295554e-07,600,269.87311496270013,520.5144179008804,209.81831918921762,100.92819617953938,319.8621159749726,1099.636263632051,290.25812481586286,354.48016983599973,373.2210997,354.48016983599973,45.878429543659024
17,20,36,0.6444444444444445,1587.1408015564443,3.8263107751269736,421.3129870268426,0.047906367,0.059235757,9.845693031707428,11.999999803412111,11.999999849430864,1.963342358466384e-08,600,507.06117027363393,193.0622361916926,193.13327110936746,93.88426410106945,161.20153212629708,132.2624522,132.26173512258163,84.55460497,84.54697522408783,84.55460497,86.20039894651777
18,20,72,0.36666666666666664,1221.3480042963656,3.3565431268520576,539.9720050752911,0.037902519,0.10536683226866136,9.845693132719166,11.999999971225826,12.000000002429974,1.0704559895285268e-07,600,223.9030069032921,146.78969472552436,179.02894131637086,71.62668852941562,124.04896108711606,101.78696382687676,101.77900033742044,84.55460281,84.55312998254036,84.55460281,38.063511173559654
19,20,108,0.2740740740740741,1134.0716995704845,3.234396682784776,556.0361052107932,0.038506003,0.15923385354173833,9.845702406916125,11.999955398600646,12.000014049750742,3.9608571100403145e-05,600,156.45568385811242,135.7783047528622,175.4447512428159,66.39925325076479,115.1844381132071,94.54135812670374,94.50586431555394,84.55440485027626,84.57765698719655,84.55440485027626,26.597466255879112
20,20,144,0.22777777777777777,1103.5407265943434,3.1057495985065064,562.5657625352324,0.043085786246296345,0.2183935071003043,9.633898516689554,11.507431399924103,11.681025795824308,0.00082091,600,131.7635220756903,132.79423840137886,174.37571847514363,64.57859611249549,114.54768022338969,95.99793396368402,94.47292950836845,89.23552438215701,89.31988444203671,89.23552438215701,22.39979875286735
21,20,180,0.2,1073.144901191567,3.1463113815364325,444.0599077927061,0.063946083,0.34084638368149967,9.845693132760598,11.999999995166073,12.000000002492735,1.3590375227793922e-07,600,109.20063092338246,128.29503043737014,172.87867684387277,62.77019433568057,108.99637909907841,89.66367820935808,89.42874174738708,84.55460280998217,84.76862544247851,84.55460280998217,18.564107256975017
22,20,216,0.18148148148148147,1071.3506383665772,3.143680016179318,362.6043554217359,0.096316264,0.5000000000012534,9.845693131096674,10.283765736354868,11.99999999997244,2.0006123745529582e-07,600,107.55344516150403,128.33092797813617,172.80224151824802,62.66357642663313,108.81414077215341,104.72749972009431,89.27921986408649,84.55460284549926,84.99179245066651,84.55460284549926,18.284085677455685
23,20,252,0.16825396825396827,1100.4562223063378,2.6509419414148585,501.2244767351608,0.10248973752372663,0.5000000002755622,8.466026046387812,8.503359950156527,9.984413507900534,1.585702368427167e-06,600,122.2956686599213,138.1798773,175.5870439676175,64.39489164,129.9849795260042,130.21143860913034,110.21741251357042,122.13907532033728,122.8796639177445,122.13907532033728,20.79026367218662
24,20,288,0.15833333333333333,1139.3722233552887,2.358162827866927,642.9042834773292,0.10317011112492627,0.5000014710890442,7.555281381929548,6.905668777849803,8.728702736421774,1.9658159286900698e-07,600,140.15021788828494,153.85286393748143,178.6529313057712,66.71576684852307,150.80473721076734,166.27611235884117,130.53167896314002,159.8086707452036,161.0381506752346,159.8086707452036,23.825537041008438
25,20,324,0.15061728395061727,1182.4524967463367,1.9692616501519253,865.3099605660852,0.12164701326017127,0.5000000016718236,6.3557347694024315,6.054901584518356,7.1551756598771625,5.850148344570873e-05,600,162.01428547326432,168.09286605657843,183.06010784380194,69.29288599893768,186.04497192659144,196.99054121961026,165.25834625933368,237.8258982586223,239.87575913448924,237.8258982586223,27.542428530454934
26,20,360,0.14444444444444443,1238.2568959752227,1.94898329,968.0537432774169,0.10645822884395573,0.5000000007965201,6.170779568311026,4.757265041700158,6.920085589758618,9.578515507398403e-07,600,183.9265105726263,195.5979104375026,186.09014712623872,72.64330653776221,200.66458091196085,263.4797241763027,178.9366446287574,254.25928075372772,257.35289852664164,254.25928075372772,31.267506797346474
27,20,396,0.1393939393939394,1300.985380397868,1.6978945054346146,1220.0232380284956,0.1224910120540968,0.5000121129626736,5.335270976,4.1780512103475616,5.881433932133685,0.000547112,600,213.91990708064228,218.9346429265712,191.7287556416296,76.42546516439954,243.84616755189668,315.7936504008145,221.20207340761414,351.9924112397125,356.9410472759569,351.9924112397125,36.36638420370918
28,20,432,0.13518518518518519,1378.6906889802056,1.5592605326612978,1445.020342588885,0.13047897448092427,0.49999966016514763,4.8097486277268775,3.5884141512054506,5.246793756991949,3.479510418877277e-06,600,248.50389978241998,251.3123296628445,197.7427081029196,81.13361677660602,286.6450610396629,390.7999985625848,262.7682262415867,442.29472503546447,449.8425045376177,442.29472503546447,42.24566296301139
29,20,468,0.1316239316239316,1467.6822951084944,1.6502350592103288,1470.2752895139088,0.10758650154374846,0.5000000756847939,4.922622707649923,2.9034607797280216,5.381935762972093,1.1462890971020637e-05,600,277.61263053089897,302.1482235706025,201.3620343702946,86.55602095,298.15047430461533,517.2688047785849,272.70527924287023,420.3612999079878,430.1118223258079,420.3612999079878,47.19414719025282
30,20,504,0.1285714285714286,1583.1191890643543,1.7302590463582128,1500,0.09287942,0.5000002320817937,4.965378887397348,2.405247782,5.433292053230483,1.1060143890453801e-05,600,316.0180545734673,367.02468155170936,206.4431236203186,93.63665499832204,318.83149805193653,678.0794993599252,291.3738436208442,412.4522203718308,424.8727983837003,412.4522203718308,53.72306927748943
31,20,540,0.12592592592592594,1734.321876183697,1.8393073566894866,1500,0.080312494,0.4999999999861951,5.035909879340436,2.0156208673992975,5.518209504158026,2.460077324417295e-06,600,364.8873914976754,453.6337519492796,212.81416108701796,102.98814011308801,344.39096761811885,893.4452126510483,314.2906906446499,399.8557782833496,415.1536907921407,399.8557782833496,62.03085655460482
32,20,576,0.12361111111111112,1927.8529751199023,1.9458625284651856,1500,0.071856624,0.5000000000000264,5.051588376141813,1.7270970785713113,5.537119902793213,2.2846598798655831e-07,600,427.3004058701063,564.3339800880397,221.13896392628652,115.0791472543113,381.63302937051924,1168.624822450025,348.1689053089481,397.1292632803821,415.72705958619395,397.1292632803821,72.64106899791807
33,30,36,0.9222222222222223,2262.0244963165396,4.5679483787885005,352.93693392741886,0.04789902,0.059231248,9.845693451205994,11.99999904881746,12.000000484831375,2.809789761005024e-08,600,1030.6849049660216,278.43456316268424,216.64714140138162,136.2580544107273,229.74760564371067,188.50301380440422,188.50203374373663,84.55459601265724,84.54693769,84.55459601265724,175.21643384422367
34,30,72,0.5055555555555555,1380.6285681770883,3.568707941028589,507.9661762,0.037888064430370086,0.10534707474694775,9.845694251899028,12.00000058582486,12.000001697614492,1.4429464775952904e-07,600,347.10683688286997,166.93857285816978,185.33218612171308,81.25135217568877,140.22663439003236,115.06114277631362,115.0523644052106,84.55457892159609,84.55293411866515,84.55457892159609,59.008162270087894
35,30,108,0.36666666666666664,1235.272801583121,3.1098928165691944,606.0456165,0.041305183666313576,0.15195465095630362,9.211396086362713,12.00001333887768,11.055355428548904,5.485982300305349e-05,600,231.06041871747738,151.41381913917394,180.3273538272127,72.46380315753049,134.10266912872387,102.96960678798759,111.73524085830859,99.62178676771478,99.64159888546236,99.62178676771478,39.28027118197115
36,30,144,0.2972222222222222,1155.0067920828924,3.2641120891752653,512.0277594590754,0.04461923,0.22829378490531943,9.845698182348517,11.999977521869361,12.000007650936414,1.6424642332724703e-05,600,172.5409701851253,138.50587098478783,176.31390875347165,67.65009489220702,117.31080627208361,96.35690009694218,96.25050463970014,84.55449502489901,84.63965247776619,84.55449502489901,29.33196493
37,30,180,0.25555555555555554,1118.7471504935043,3.2124656234761755,435.78629662406684,0.063689066,0.34017421053795094,9.845693129644248,12.000000005104486,12,2.0330245744246091e-07,600,144.38559089130334,134.07166953252656,174.8045616217625,65.48487755717407,113.6280743023653,93.47137644029048,93.22892922509764,84.55460287650175,84.76638324667285,84.55460287650175,24.545550451521567
38,30,216,0.22777777777777777,1114.3511628463036,2.9116572354344674,391.9420997473499,0.1163894967314307,0.5000000140197085,9.103494357812558,11.484980070281281,10.897777599299204,1.325381590642054e-07,600,137.01619575775393,136.70646584864525,175.40608974437214,65.22277555343847,122.40916718863838,97.42766132777425,102.25490038610839,102.52360408441842,102.9373005,102.52360408441842,23.292753278818168
39,30,252,0.20793650793650792,1148.2676348183466,2.703794686500572,491.4756444107071,0.10277182263914719,0.5000000199491502,8.455241405523642,8.552005082641722,9.969213027237183,2.445650628914069e-07,600,158.8650260596886,144.48682434917146,177.66806334170374,67.24722653258391,135.8054229023202,135.0824295067269,115.18137205826883,122.51182049991876,123.24239795017357,122.51182049991876,27.00705443014706
40,30,288,0.19305555555555556,1193.835748062394,2.2463508360686224,705.9494053,0.10876962578656432,0.4785152069145713,7.101320975708112,7.254130214,8.122954564,1.4603608428707651e-05,600,182.5137181260444,159.45008687187004,181.90054747460414,69.97521705666566,168.1146017967946,165.6813768457329,146.97062980187005,184.5320039831991,185.75675597721585,184.5320039831991,31.02733208142755
41,30,324,0.18148148148148147,1240.8774385974414,1.9611831539344624,869.3201923632843,0.12851351149689164,0.5000000002336815,6.1991693730000135,6.221106916100887,6.956045882621332,1.5699562702015717e-07,600,207.0758960485483,174.87021225133526,186.13075379539717,72.80097273,200.1683393,201.09773938323002,178.38833434057602,251.6372150854678,253.6759483255532,251.6372150854678,35.20290232825321
42,30,360,0.17222222222222222,1307.5762782270044,1.8660215608099722,1012.469881111417,0.12213633203045464,0.5000000000517972,5.794367465910314,5.046560893815635,6.447507693,6.777540295156461e-08,600,238.91709588890012,201.45182208168663,190.38379296441815,76.82382763,225.6633335596675,261.9232932155035,202.80336846097856,292.89773154971584,296.0581852366259,292.89773154971584,40.615906301113014
43,30,396,0.16464646464646465,1387.0233277349068,1.7947689107174138,1154.2486307757454,0.11685384320286554,0.5000001398963444,5.44937683,4.1621826385824425,6.021093668,1.6249706582103346e-06,600,275.7891743057228,234.33481072062756,195.25809440586883,81.63997355931812,254.52879677260188,337.9470558532262,230.36069596664214,335.85280459925644,340.5598702216461,335.85280459925644,46.88415963197287
44,30,432,0.15833333333333333,1491.0802423760535,1.8687278473608293,1203.2650186623105,0.098849646,0.5000005176747171,5.470077682738098,3.340648680748938,6.0465030691440775,0.000743824,600,319.8752562422346,283.32356953776434,199.86717061722476,87.98697285084766,272.58849487301603,454.9304806,246.60208145517834,333.0360069451926,339.4098747535254,333.0360069451926,54.37879356117988
45,30,468,0.15299145299145298,1595.1674903174846,1.670375484349863,1454.7958146308129,0.11360055128038607,0.5000000040836681,4.7918332018716105,2.997533117118385,5.225401797834416,3.702410270700122e-08,600,370.0556672884392,322.7520857791706,207.9808954848039,94.37864934858841,332.89294996629656,543.7144514438387,305.2717383338017,445.92350540411013,455.56190317667085,445.92350540411013,62.90946343903467
46,30,504,0.14841269841269839,1741.782895251438,1.7347279829204216,1499.9999998014193,0.10087854855049434,0.4999999999518481,4.764920532339359,2.513893097263308,5.1932962982448565,3.93008626161152e-07,600,430.56465193497587,392.9487550638438,214.81833243145888,103.45178272516019,365.54290537061735,711.9573635380721,335.3906257650072,451.45403917032826,463.8512917323341,451.45403917032826,73.19599083
47,30,540,0.14444444444444443,1935.6046617656034,1.8461518940352413,1499.9999997619814,0.087984152,0.5000000013267962,4.80645079,2.1219472401675605,5.242854780321013,1.5761125800730415e-06,600,507.9986823400053,488.9052565,223.1357916904532,115.56618667448393,402.7097636356327,943.6610383507863,369.18906642825016,442.9595700991063,458.2014851,442.9595700991063,86.35977599780088
48,30,576,0.14097222222222222,2185.0044740613753,1.9557859654139165,1499.9999995721619,0.079396138,0.5000000002313041,4.793690287864381,1.8307514164876681,5.227618522701854,6.566218115433055e-07,600,606.8409756,612.8232443958987,233.9968077169195,131.34425669658793,455.8084362673352,1243.1734532510568,417.97320607320694,445.5454058396524,464.0440439532434,445.5454058396524,103.16296584758187
49,40,36,1.2,4462.110486624631,4.999999999995532,275.9577768826594,0.10766686490045971,0.069208237,8.012459946206729,11.999961140963196,9.352087737618518,0.000891489,600,2695.4750342200396,590.8275605987266,292.30803154143814,283.4700024597473,556.8964483544271,371.8445599,477.12453217006436,139.21390026257689,139.20088943047168,139.21390026257689,458.2307558174067
50,40,72,0.6444444444444445,1587.1758343653944,3.826368636169753,473.8604173945642,0.037871733,0.10532512675126351,9.845725399,11.999859584253134,12.000048874842236,0.000338068,600,507.1067869780481,193.06649362375546,193.1345190588993,93.88642132971341,161.20456036257133,132.27599127704775,132.26411416480676,84.55391408383969,84.5520847,84.55391408383969,86.20815378626816
51,40,108,0.45925925925925926,1323.3303377551279,3.493869282048385,515.1676865791214,0.038441996,0.15910431329463462,9.845693131116773,12.000000000011495,12.000000000002887,6.876122934626469e-07,600,302.7347743111286,159.72270391950022,183.09692522506967,77.77676352333972,134.4070265172916,110.3169990503167,110.27752814623412,84.55460284507015,84.57677624100347,84.55460284507015,51.46491163289186
52,40,144,0.36666666666666664,1221.8248349165194,3.357198490270272,498.2604099595264,0.044541684,0.22810013279611316,9.845693622767554,11.999997867854997,12.000000744689961,4.4213245939477814e-08,600,224.15851061912372,146.96294538018938,179.0482490050056,71.65534018166103,124.09738528640843,101.92957527964917,101.81872992442779,84.55459235061787,84.63852616340664,84.55459235061787,38.106946805251035
53,40,180,0.3111111111111111,1168.352915534336,3.282914266941354,427.30768544984073,0.063427378,0.33948840564849037,9.845693131,11.999999999933605,11.999999999881075,4.934587443083298e-07,600,182.68489710486048,140.35538406899045,176.8648121527609,68.44852467391149,118.6663955,97.61329996243953,97.36274296215959,84.55460285,84.76409029982943,84.55460285,31.056432507826283
54,40,216,0.2740740740740741,1155.9003178859166,2.8466342512826635,401.0580840995081,0.12615338898805117,0.5000000000002025,8.801347997927584,12.00000000000135,10.461168731903065,6.666031036242689e-07,600,167.18051245648277,143.47991332727258,177.53718331798134,67.70352524,131.3321911777709,96.68360153310495,110.49437663315834,111.26007080873916,111.66356053697821,111.26007080873916,28.42068711760207
55,40,252,0.24761904761904763,1198.510153194997,2.5549299798811242,520.6156594249479,0.11978447365946321,0.5000000015143201,7.916983126732903,9.274715046296176,9.220763258,5.7167948525535334e-05,600,193.43064976019224,154.20527671863437,180.62621431653795,70.25557334854942,151.3847048,129.88061284116313,129.97949515240248,143.20757894997578,143.92215285382588,143.20757894997578,32.88321045923268
56,40,288,0.22777777777777777,1245.6859018010437,2.3462364323896936,646.7506512979602,0.11364138183019215,0.5000000007017842,7.239293442861966,7.302629340352926,8.305699755307028,8.970590796769314e-08,600,223.07629162623175,165.62954389570015,183.89001263048374,73.09035315807353,172.07285650636328,171.75603533968862,149.9796451232297,176.50104896713822,177.70042356018712,176.50104896713822,37.92296958
57,40,324,0.2123456790123457,1304.2504303907074,2.0140442581522136,846.6314851663851,0.12802142843603417,0.4999999999915115,6.208461085246818,6.258415945,6.967825143,5.009678731224479e-07,600,254.92281577914983,183.75172766466017,188.9538085692095,76.62278616852785,210.07628339493036,210.07628414508486,187.1818542581628,250.78713783806222,252.78085476868839,250.78713783806222,43.33687868245547
58,40,360,0.2,1381.5844894382237,1.8280431880055992,1034.4172178716988,0.13411131825903144,0.5000000018219068,5.549973006400596,5.248457776618228,6.144781653634867,3.3082044754486376e-07,600,296.0570192711092,209.5990368815479,194.61842349097643,81.30943462,248.93535299088646,265.8672997496173,224.83866267582755,322.46815678728507,325.66004292842683,322.46815678728507,50.329693276088555
59,40,396,0.1898989898989899,1476.3204459954698,1.697953166340188,1222.084900445881,0.1382764159952592,0.5000000003999495,5.038502124660289,4.424299812043186,5.5213352516671685,2.0852704054115087e-05,600,345.56620503387654,242.49833462072337,201.1764202,87.08405264,293.0078045953008,337.83377214479736,267.3846775650319,399.4031723962014,404.3309109944423,399.4031723962014,58.746254855759005
60,40,432,0.18148148148148147,1591.918044,1.6371139533354435,1378.3949582661285,0.13604852524201502,0.5000000007431225,4.708895211735512,3.7273467682456767,5.126574646291928,5.25951221399248e-05,600,404.01901153180654,285.39804362107503,208.32976394889093,94.17847758276127,338.0661435123255,433.76144200741305,310.5227475009109,463.28173177520034,470.4718785564943,463.28173177520034,68.68323196
61,40,468,0.17435897435897435,1733.741834270817,1.6346477086442361,1489.641562085415,0.12813537745838866,0.5000000011189824,4.521930754859826,3.1467018040414043,4.905018884737522,1.7819123628867306e-07,600,473.1329686,341.53537505873356,216.12096484136322,102.95210367991714,383.40742666338343,561.7817382309728,353.4628255286714,506.07907235116136,515.9595004882148,506.07907235116136,80.43260465584004
62,40,504,0.16825396825396827,1943.6723810635563,1.8808634060772973,1384.4064721682585,0.095557352,0.5000199311031344,4.879586031723323,2.523316923648888,5.330334372484434,0.00028445,600,566.5201146635678,438.08965695033953,222.9724411324766,116.07330267279866,398.32731064219183,790.9380829358792,364.6436124339463,428.53948132723684,439.9876845761421,428.53948132723684,96.30841949280652
63,40,540,0.16296296296296298,2162.326205264544,1.8523448738803494,1499.9999994773277,0.096657803,0.5000000002553916,4.582852644168091,2.2328595931689157,4.977026694446131,4.940216445684982e-07,600,669.5639971,528.0653007090299,234.79657252097877,129.90103779853757,471.8297473553316,998.4799001749964,434.46144415449606,491.54106473729763,506.7547086,491.54106473729763,113.82587950746426
64,40,576,0.15833333333333333,2478.0360980802793,1.964631342695387,1499.9999998493004,0.08803512,0.5000000001092612,4.543938796364256,1.9398967492945132,4.931011121567699,1.6846796604696218e-06,600,812.2468928704185,666.9176923031002,248.73441344706063,150.1383974118026,545.3497965384198,1324.5795514465285,502.54116995226855,500.7578682784513,519.2007032309696,500.7578682784513,138.08197178797116
65,50,36,1.4777777777777779,1495.182147,3.991705000339003,401.5004344824561,0.041956315,0.059583222772274125,10.429097678669425,12.000010860384867,12.897932943518303,415557.32454145415,600,1083.9624332550127,178.63717349005896,188.98184227224704,88.2380571,143.3663959472436,124.59924140217353,115.92416813765382,73.19130937856826,73.18480301926063,73.19130937856826,184.27361365335216
66,50,72,0.7833333333333333,1865.816463,4.148652013992581,437.1466067,0.037855053903193776,0.10530188425433301,9.845693673030567,12.000008835571224,12.00000082082167,2.276658098634915e-06,600,723.1649812130634,228.31451448606455,203.14956516576115,111.18891073766801,189.50584130537752,155.49573105084988,155.4846945931236,84.55459127773702,84.55256116832143,84.55459127773702,122.93804680622075
67,50,108,0.5518518518518519,1443.5282660297703,3.6490929134259096,493.4739792540738,0.038407464596182786,0.1590343720018423,9.845688705360214,12.000021911984382,11.999993296457635,1.116153327164414e-05,600,395.7724119193091,174.9297016884303,187.7483761347146,85.08111717541253,146.61526575016345,120.3360391984956,120.29408936885788,84.55469731441706,84.57629491906118,84.55469731441706,67.28131002628255
68,50,144,0.4361111111111111,1296.7592274970016,3.458614767335136,484.0827713039106,0.044461425,0.22789961683853555,9.845693130267993,12.000000001616003,11.999999998717266,9.647535277074213e-07,600,282.09434579850995,156.4472216683469,182.0485148844071,76.17012736441373,131.7082718646244,108.17927376880498,108.06326896963485,84.55460286318771,84.63727491386165,84.55460286318771,47.95603878574669
69,50,180,0.36666666666666664,1222.5168010050995,3.358148801801679,418.60978868950065,0.06316065,0.33878791,9.84569313,12.000000003808001,11.999999998569686,6.625027981489358e-07,600,224.52801621704586,147.21641401244958,179.07626413554112,71.69692058281163,124.16767258964138,102.13574419489487,101.87640009590122,84.55460286526744,84.76174298684796,84.55460286526744,38.169762756897796
70,50,216,0.3203703703703704,1199.2132605189931,2.9089657531697757,392.4690422629766,0.12532735660892952,0.4999999999500696,8.825208941833651,12.000000003360695,10.49540314967776,2.718172924649959e-06,600,200.56550965769057,149.0227787,179.3288690270124,70.29775181794182,135.88497093076504,100.30527898467543,114.26080955792658,110.53542752922453,110.93499461464944,110.53542752922453,34.09613664
71,50,252,0.2873015873015873,1249.9378755522282,2.410659208,552.2124178099717,0.13999227372957415,0.4999910960362129,7.399390274879984,9.961851844,8.519229795,9.945385399402762e-09,600,228.14339283327598,164.69212862862994,183.75592825578514,73.34632610798398,168.9244423010924,126.012467,146.71958682613328,167.76411889970697,168.47004873038105,167.76411889970697,38.78437678165691
72,50,288,0.2625,1306.9284737428745,2.341074362,648.4519686084057,0.11960236379228717,0.5000000295667026,7.077045293465239,7.5124166929372915,8.090922235,3.7373620629592305e-09,600,267.81074073776193,175.46000480811458,186.87300169071864,76.78466537231125,184.67148641109569,175.0936789470297,161.53022310142632,185.99603750664983,187.1804409883407,185.99603750664983,45.52782592541953
73,50,324,0.24320987654320989,1374.8840070217905,2.047755376653762,832.9316422083349,0.13043601596637777,0.500000061,6.154965777219749,6.348842492172678,6.900074389,1.8968488252669407e-08,600,307.0249794801796,194.71642062404524,192.24035704220728,80.90238760149336,223.37801001435255,218.23676015609024,199.25640354493174,255.7361956788092,257.69563113711973,255.7361956788092,52.19424651163052
74,50,360,0.22777777777777777,1461.8594783911267,1.8390176658378774,1028.7706235420044,0.13999998573017305,0.49999992275442345,5.439964709145369,5.365640063339401,6.009548094928743,1.1853701153155873e-06,600,356.8850639612268,220.08943984784887,198.68581105054014,86.20025227855001,268.72591212467415,275.0306410009271,243.25614094423193,337.1445282780574,340.3075323429964,337.1445282780574,60.670460873408565
75,50,396,0.21515151515151515,1576.0029294702942,1.7422775871953466,1191.5551077504979,0.13999999698425133,0.4999999972648211,5.006997982017384,4.490981170856144,5.483370202656931,1.9448460383061014e-07,600,419.4012986709989,257.5076556959446,205.89487233835402,93.19866176091074,314.7600488617138,355.12264679719004,287.41501507716043,404.9529907,409.7563102808284,404.9529907,71.29822077406982
76,50,432,0.20462962962962966,1716.0919868164178,1.673627711867771,1349.3842890119397,0.14000000000989532,0.5000000000094585,4.642535665423326,3.807473060745287,5.047743807033337,1.8939654997777248e-06,600,494.9890595965746,304.7806362,214.4675109500608,101.85615633329947,369.6454072711873,457.39545022295067,339.9720850383254,477.86490528757315,484.8994707,477.86490528757315,84.14814013141768
77,50,468,0.19572649572649573,1889.210272467205,1.629325720450625,1496.8495589472302,0.13988044812244002,0.5000000847612287,4.333621178739813,3.267842803500671,4.683564356256107,0.031950654,600,587.1725584944033,364.80986395365477,224.75226672886686,112.65433075001701,435.9426434722599,588.5423658,403.3701960225395,555.0687297685441,565.0199835038384,555.0687297685441,99.81933494404856
78,50,504,0.1880952380952381,2117.5097985350503,1.7426259266869613,1499.9999999764577,0.11988540011018622,0.5000000000012974,4.374516502276609,2.7420479702379152,4.731514604,1.770481964832176e-06,600,702.1379512906094,453.60389188177396,234.7153939672002,127.05389199005745,484.05573448701017,789.9222804,447.53318457690176,543.8753506736988,556.2779129128326,543.8753506736988,119.36345171940359
79,50,540,0.18148148148148147,2419.457607391785,1.8579704149930478,1500,0.10652437455030771,0.5000000000000059,4.364206672627883,2.3484323399308056,4.7194187525643025,4.5262596504674534e-07,600,853.0453623873859,571.9439287987472,248.10750056019404,146.3601428706331,554.3865790239769,1059.0160643500967,512.6600825741876,546.6668240374386,561.8802394203531,546.6668240374386,145.01771160585562
80,50,576,0.17569444444444443,2814.3589931137153,1.9725482649481396,1499.9999993847714,0.097992982,0.5000000008560701,4.301238614150545,2.0546513429049065,4.645651413649604,1.2870562491951398e-07,600,1048.6135446248895,727.8975888,265.82202703992965,172.02619143655096,654.3136165138155,1414.6331147763171,605.8050298058774,564.1654776,582.5959035298811,564.1654776,178.26430258623122
81,60,36,1.7555555555555555,100,1.081143811765868,1311.7029911827997,0.048854816907562965,0.06733583,10.814914689983594,14.312257342617322,13.50803554938173,479255.1827633113,600,72.73347284228416,4.640737879618197,107.75342125271483,7.154956831,9.246489950828424,6.987117565908029,7.403000949651561,66.72911365496961,66.7236815,66.72911365496961,12.364690383188305
82,60,72,0.9222222222222223,2262.208077542899,4.5681335530821325,397.10594542493334,0.037835604,0.10527523449929824,9.845693131116446,11.99999999180743,12.000000000002391,9.939215196783267e-08,600,1030.8275819044848,278.4577885,216.6532331,136.2697892729662,229.76625895371345,188.53035336401942,188.51733979520404,84.55460284507718,84.55235135312836,84.55460284507718,175.2406889237624
83,60,108,0.6444444444444445,1587.5413362020165,3.8267935999181746,470.78234116951677,0.038370724,0.15896008269271428,9.845693128560185,12.000000012359203,11.999999996130505,5.455783075049937e-07,600,507.33548871847023,193.14960350428026,193.14805435580777,93.90892825618667,161.24221174402737,132.34061520392748,132.29511139282764,84.55460289964145,84.57559559048079,84.55460289964145,86.24703308213994
84,60,144,0.5055555555555555,1381.3949242868478,3.5696977736940605,469.4546023238568,0.044378255,0.22769162353422567,9.845693175,11.99999980169586,12.000000067226594,5.104382022228885e-07,600,347.5765646561496,167.15930155531595,185.3618563103535,81.29791621460859,140.3044864047258,115.23804639457573,115.11624304566458,84.55460189772452,84.63597007118707,84.55460189772452,59.08801599154544
85,60,180,0.4222222222222222,1281.8944646569898,3.438734563860136,409.67757542884254,0.062888495,0.3380716075552739,9.845693127421608,12.000000012937992,11.99999999440594,5.772081090641532e-07,600,270.4262352726006,154.7377967684376,181.4585713901348,75.27262096795012,130.19849878184172,107.0934394823064,106.82453877121439,84.55460292394476,84.75933733410133,84.55460292394476,45.972459996342096
86,60,216,0.36666666666666664,1245.8531589587813,2.974832363383747,383.7835413838003,0.12449549884961425,0.5000004584066723,8.849452041407053,12.00000614,10.530228536849231,3.8086693983129475e-05,600,236.53829728081024,154.98992120386637,181.23069118338626,73.10042073252586,140.78308500112422,104.20505229525422,118.31207220233374,109.80551485017081,110.20111685890576,109.80551485017081,40.21151053773774
87,60,252,0.326984127,1301.6134180939396,2.4597331189886202,541.2191827,0.14000000000003376,0.5000000000001209,7.39873644,10.00723263188982,8.518354471,6.027273294707685e-07,600,267.3695736564778,171.81722849169392,185.9639756108579,76.46341669006672,175.92374435653795,130.6189743298534,152.80103950409932,167.7985987,168.49423047549615,167.7985987,45.452827521601236
88,60,288,0.2972222222222222,1369.9473864818901,2.2751938076154246,667.5664059040124,0.13251446149562152,0.5000721442901158,6.763387466371088,7.877394329504418,7.680246887699911,0.2527325731233091,600,312.3697314575738,187.15965029501282,190.3181185,80.60261133171834,202.5534383906795,174.91906090660365,178.37283182600444,206.41886421228457,207.59824423497983,206.41886421228457,53.102854347787535
89,60,324,0.2740740740740741,1450.7465023521086,2.104394039805664,810.6498975283873,0.1302585367888497,0.5000000000000169,6.157305454048704,6.395569766624994,6.903034200279516,5.280831949084642e-07,600,363.8522521721647,205.83349133547188,195.53984990383756,85.52163563396377,235.6138595330166,228.55766116087636,210.16070039075933,255.51693890530066,257.43147493215815,255.51693890530066,61.85488286926799
90,60,360,0.25555555555555554,1551.0282720811872,1.8884159126613764,1004.823105571292,0.14000001578353163,0.4986685785919968,5.424804654694369,5.421541321109145,5.990961412121577,0.000109892,600,423.7214431557133,232.9262878838012,202.72796467449314,91.66305929683507,285.9141242512762,288.7148057935023,258.89471912521003,339.23972421816103,342.32394024774385,339.23972421816103,72.03264533647126
91,60,396,0.24040404040404043,1686.6492919424838,1.8013488046997927,1152.929119571829,0.13999999999999613,0.5000000000002557,5.004341745262282,4.545351455204748,5.480171497510555,3.1720293931613004e-07,600,501.21290581677715,274.52365908622767,210.88279052083362,100.03049972636846,337.03719246177997,375.3625647289372,307.77308569789614,405.4258602672493,410.0752354,405.4258602672493,85.20619398885212
92,60,432,0.22777777777777777,1855.5583893205007,1.7388111567492115,1299.5442480910835,0.1399999992282808,0.49999999863905703,4.638877926787959,3.863894710235947,5.043404872408312,2.0516107575996577e-07,600,596.5965977399919,327.6105736289943,220.80382709020185,110.54693791421226,400.0015561102126,487.06674301023946,367.9177928926496,478.68749103624884,485.4557743861585,478.68749103624884,101.42142161579864
93,60,468,0.2170940170940171,2067.595259,1.701664580815526,1434.4084589685249,0.14000000000735793,0.5000000000128723,4.326937666864663,3.327156826744122,4.675735369537276,4.878413622574501e-07,600,714.9050555,395.87464089193946,232.92562611938746,123.89063460540893,477.84262632445956,632.1064015059427,442.1968086875402,556.9290847704833,566.4430973601123,556.9290847704833,121.53385943780806
94,60,504,0.20793650793650792,2342.8561359408604,1.7461427740984772,1500,0.13131326203906968,0.5000000000006665,4.182702986047543,2.8616081228655457,4.507291732033553,3.6140090465716145e-07,600,864.9788207654506,489.6905580631119,246.75214634496814,141.43521193361687,560.1296921526692,835.7836378185972,519.7924330679689,599.3333009,611.7659054091672,599.3333009,147.04639953012656
95,60,540,0.2,2713.866083950184,1.863108104577681,1500,0.1178482359095669,0.5000000000005987,4.149286802193081,2.4688355168129483,4.468405485841885,6.16229219215643e-07,600,1063.217408942925,621.6956448203117,263.501759,165.4520561398927,654.0560374172703,1126.8330585356146,607.3455268437593,609.8100724,625.0523224354097,609.8100724,180.74695952029722
96,60,576,0.19305555555555556,3204.440544512544,1.979676844049353,1499.999987946484,0.1095807698890329,0.5000000415348416,4.0640510730415915,2.1753027041021222,4.369451491326046,7.520481207462884e-07,600,1323.124799254557,797.5805683300042,285.9296544,197.80638969347137,788.4843194439228,1515.8920795538736,733.3736398890783,637.7432953713522,656.2058897901433,637.7432953713522,224.93121587327468
97,70,36,2.033333333333333,100,1.1084944247702757,1219.9726064059296,0.051106769,0.070612444,11.027348548579349,15.29962466202602,13.84975979433438,487725.7274827224,600,78.89823371,4.582187563816227,107.73825218756237,7.154956831,9.068363039353008,6.5362065853319855,7.220341831553476,63.4768349,63.47172004057919,63.4768349,13.412699730099153
98,70,72,1.0611111111111111,2902.4027208745097,5,368.14307844894057,0.039352868070004585,0.1037501678601626,9.576885582876702,12.00011323879839,11.595778104062491,0.000202767,600,1524.5162081511194,362.16172232913334,237.90148343666556,177.80906733286895,303.06331800224837,241.8790498487029,250.29822878877576,90.55239759663175,90.54914139360932,90.55239759663175,259.16775538569027
99,70,108,0.737037037,1763.199327230653,4.0329535913304975,446.9421508560277,0.038331697,0.15888102192018633,9.845693144,11.99999993563726,12.000000020136358,8.802962187206921e-07,600,643.5233706117133,215.37304064693294,199.52008414022697,104.78377007280346,179.08331098373566,146.9827067536233,146.93327702266262,84.55460256134054,84.57495643,84.55460256134054,109.39897300399126
100,70,144,0.575,1477.7410610620623,3.6920849842497985,454.33163136764375,0.044291875,0.22747536441115992,9.845693141510695,12.000000037620188,12.000000015746213,8.474823614537036e-07,600,422.17044162075837,179.35345825335938,189.04716157406952,87.17092020192696,150.09009927718728,123.27341697519529,123.14508826024944,84.55460262320841,84.63462038666272,84.55460262320841,71.76897507552893
101,70,180,0.4777777777777778,1347.2753278764335,3.5253374647996014,400.49393785424536,0.062610469,0.33733822168510186,9.845693131113473,11.999999999989663,11.999999999997884,5.567717631555774e-07,600,320.9942325,163.01950979333594,184.03518960630834,79.22714211226057,136.83905337440342,112.55228150651246,112.27294398972258,84.55460284514065,84.75686862868831,84.55460284514065,54.56901953110844
102,70,216,0.412962963,1296.2470452055823,3.0446247791211203,374.9910136748429,0.1236559515144272,0.5000000029466709,8.874119852,12.000000106465727,10.565708288685903,2.4771354844179425e-06,600,275.41488030286445,161.43567597220368,183.25572783345459,76.13918720523212,146.07049114652426,108.41878025855748,122.68434919726535,109.06929705538377,109.46088591068873,109.06929705538377,46.82052965148695
103,70,252,0.36666666666666664,1357.127681387643,2.5114042704120725,530.1169357837957,0.14000000000002266,0.5000000000000816,7.398140058441098,10.053654834235532,8.517556086506177,4.0876390989490715e-07,600,309.52974945915685,179.47105855189668,188.30290882585987,79.82460389720046,183.44173950034823,135.55259886716243,159.33299030899886,167.83005700722993,168.51528899636483,167.83005700722993,52.62005740805666
104,70,288,0.33194444444444443,1438.2561423026966,2.266478528849619,670.4749184689256,0.14000000000006074,0.5000000000002204,6.598677227430067,8.089748641838916,7.466932382166739,1.150190204876654e-06,600,361.25720581492715,198.57187974915325,193.6686298720201,84.75949933580542,217.96128113737768,178.75509491572237,192.61673585496519,218.38123063286156,219.5487584206987,218.38123063286156,61.41372498853761
105,70,324,0.3049382716049383,1534.405129007385,2.194772778140239,777.2832121138406,0.1266497452950725,0.5000000085459471,6.2342056856939125,6.3817874126036145,7.000487303429029,3.4159514489146427e-06,600,427.7661142608293,217.13446161044317,198.86410088512915,90.64230048025739,246.12680530071327,242.25499216027612,219.18547416774712,248.4524029956384,250.30912697232878,248.4524029956384,72.72023942434097
106,70,360,0.2833333333333333,1648.4930439673367,1.9513593121278134,970.0387151,0.14000385516777133,0.5000013360752348,5.4361365,5.472169714,6.004853464559356,0.000145673,600,496.8295462623113,247.0567761457731,206.9494569202111,97.66933412981828,303.24717638311506,303.94952220918276,274.5267730006639,337.6718975668458,340.6648143617401,337.6718975668458,84.46102286459292
107,70,396,0.26565656565656565,1809.8772928246542,1.8649057159414486,1114.0694932193858,0.14000000000005353,0.5000000000001982,5.001690022118755,4.601990574002869,5.476978580384179,1.30419875069638e-06,600,592.4487799775304,293.39740421788287,216.33960976741733,107.69264087703833,361.8531506,397.6750160427105,330.4517748721415,405.89870071342705,410.39401535639456,405.89870071342705,100.71629259618017
108,70,432,0.25092592592592594,2012.9490648026022,1.8095058802255657,1249.4853141645356,0.13999999999973947,0.4999999999997121,4.635242071384988,3.922968367216127,5.039092539240506,3.327310332777407e-07,600,711.4595309964717,353.2316471867539,227.82143517245646,120.43702827534631,434.2705372884966,520.1270596,399.46658036686796,479.50713989180093,486.00977508971056,479.50713989180093,120.94812026940018
109,70,468,0.23846153846153845,2271.5014586443936,1.7814258440378368,1371.299612,0.1399999999941321,0.4999999999898441,4.322068647681881,3.3888056064751395,4.670033184385243,4.6785848842898294e-07,600,861.4013935,431.1664188085269,242.07035121428126,136.86397915696543,525.5588570678306,681.2570213867269,486.39942564849474,558.2899537110095,567.3654664077604,558.2899537110095,146.43823688929464
110,70,504,0.22777777777777777,2605.1352717964587,1.7788453458404874,1474.8536539134377,0.13999999999915091,0.49999999999876243,4.051090775993855,2.9658784974895798,4.354434682258593,7.014258587507394e-07,600,1052.9769251315088,533.7407043000821,260.04706177862863,158.3714180979458,643.0700806,895.1982337166618,598.2717532566608,642.1495540536159,654.3904239182091,642.1495540536159,179.00607727235646
111,70,540,0.21851851851851853,3055.5813589213953,1.867834979255588,1499.9999996473439,0.1310165047587454,0.5000003100087467,3.936352142931265,2.594362838666244,4.2218257687079195,4.460417723356106e-06,600,1307.020233171111,679.0265165273668,281.61626303465414,187.92045815836826,776.2469535172252,1204.2751953837653,723.7582804978115,683.1233547923891,698.4256726089585,683.1233547923891,222.19343963908884
112,70,576,0.21041666666666667,3663.907465158742,1.9861518994545686,1500,0.12326389951329769,0.49999996004946695,3.8301959150659894,2.302383354,4.099670375369887,4.0595849522211884e-07,600,1646.4666719171394,878.7018441897528,310.0658073817365,228.6737788188364,956.5848709583875,1632.241952284004,893.7078178701553,724.4390739601803,742.9814995913107,724.4390739601803,279.89933422591366
113,80,36,2.311111111111111,100,1.0964915861851106,1230.6844242462146,0.052456324,0.0707641,10.93444307893878,15.340946881674867,13.699793833712471,502534.04670132726,600,89.38907375975229,4.607513949553439,107.74481368240765,7.154956831,9.145413193710208,6.5185983217481365,7.299379918690446,64.87415034459698,64.86889897865359,64.87415034459698,15.19614253915789
114,80,72,1.2,4461.2049156039875,4.997270619,391.35223264814283,0.053641912,0.097653452,8.009444849543431,12.001846656550095,9.347931269902325,2.781066845099861e-09,600,2694.7245855481046,590.7749838632307,292.2982465085743,283.4070469482566,556.9930250357231,371.72108023507894,477.23980705418705,139.3377280290216,139.32860026322538,139.3377280290216,458.1031795431777
115,80,108,0.8296296296296296,1982.2477324794156,4.276135668762961,421.75335620227804,0.038289845,0.15879617151769296,9.845692998692906,12.000001713337173,11.999999799424865,6.034389857291653e-07,600,813.4662078114293,243.08594396214593,207.19521911557496,118.50113840361863,201.33145861267207,165.2415301450785,165.1873138009903,84.55460567170275,84.57428050611759,84.55460567170275,138.28925532794298
116,80,144,0.6444444444444445,1588.4102816629106,3.827840718128352,438.66071352943953,0.044201907,0.22724986283289164,9.845693041769373,12.000000359673177,11.999999864671352,3.6961469414986524e-07,600,507.90798972370146,193.36033928520865,193.18012225001323,93.96243836343838,161.33046956920538,132.50326368483343,132.3675249646691,84.55460475222092,84.63322025117766,84.55460475222092,86.34435825302924
117,80,180,0.5333333333333333,1419.6160752638516,3.618744931519915,391.03963220185653,0.062326071,0.33658630681833956,9.845693141041284,11.999999968667078,12.000000015035212,1.9628293926336107e-06,600,376.9772095723867,172.18271290121484,186.8342652692181,83.62328853116489,144.18650418285455,118.59212679058668,118.30133945709714,84.55460263322811,84.75433174939742,84.55460263322811,64.08612562730573
118,80,216,0.45925925925925926,1350.8213394292786,3.1186908224966094,366.0900238,0.12280932235758169,0.4999999999178894,8.899223387149215,11.999999997616516,10.601860707479483,4.6577430303706273e-07,600,317.5494085521949,168.41424594412575,185.41623606959828,79.44213133995491,151.79092384397399,112.98195321478443,127.41360943143602,108.32671120525328,108.71423820794908,108.32671120525328,53.98339945387313
119,80,252,0.40634920634920635,1416.895819,2.565866928609212,518.8975031492537,0.14000000000060647,0.5000000000011818,7.397537887078008,10.101336109064086,8.516749973937259,2.5145024097139265e-07,600,354.9407140024909,187.71131083207428,190.78570071042748,83.45759191,191.53613547277646,140.8454443838019,166.36578779937398,167.86182882662644,168.53655601891387,167.86182882662644,60.339921380423455
120,80,288,0.36666666666666664,1510.733040839799,2.3225175019548074,654.3659949,0.14000000000004487,0.5000000000001631,6.597766376728933,8.141175323618567,7.465757163501375,8.648181407784641e-07,600,415.85861936053124,208.96242833475725,196.72236814767834,89.19055495282086,228.9764375665566,186.5573082373809,202.35496651638724,218.44998880237216,219.59483984951314,218.44998880237216,70.69596529
121,80,324,0.3358024691358025,1623.2287682262433,2.1448041499030515,795.9537283002228,0.1400000000000234,0.5000000000000857,5.957448906,6.662390478463688,6.651299496748315,4.812259700241667e-07,600,489.4780659336823,234.0186994316889,203.6237472158416,96.10894934955702,272.47044730466473,245.3115930078662,244.04686167264109,275.22427631485493,277.0853854564791,275.22427631485493,83.21127120872598
122,80,360,0.3111111111111111,1758.5449887379996,2.0146728415486783,939.8028355263916,0.14000000000001378,0.5000000000000508,5.434266177483648,5.529417932093882,6.0025601187854525,3.0507774467456444e-07,600,578.5382557802749,263.8118199592157,211.70131207690534,104.49415326003674,323.6030277692983,320.79985353063853,292.96582690350806,337.92996956870746,340.83584387624086,337.92996956870746,98.35150348264672
123,80,396,0.2909090909090909,1947.6584253559934,1.9334635683911752,1074.9831271274247,0.14000000000021207,0.5000000000002566,4.999043623720999,4.661050397606728,5.473792425912393,2.653944621493576e-07,600,694.5891419490146,314.41254178878455,222.33331891371833,116.3239379,389.60620709812275,422.3625635,355.8151778163839,406.37136472598405,410.71255272157595,406.37136472598405,118.08015413133248
124,80,432,0.2740740740740741,2191.393831548572,1.8864031816235045,1199.2309726602539,0.13999999999996607,0.4999999999999954,4.631630261379948,3.984883203755983,5.0348093596347185,2.8416694449002647e-07,600,841.8964228639653,382.1156497721553,235.6311238636197,131.7511681219454,473.136608,557.1217388966871,435.2486211528693,480.3233331812259,486.56112658501166,480.3233331812259,143.12239188687408
125,80,468,0.2598290598290598,2506.331612,1.8689882415006132,1308.1056542001033,0.14000000001437338,0.5000000000217839,4.3172598534748685,3.453771656634095,4.664402626451654,2.978446042331613e-07,600,1030.4589492757195,471.50473705791177,252.4013416299447,151.96712972433642,580.5375856,736.9537764572294,537.3317469901046,559.6386285501316,568.2788314372987,559.6386285501316,175.17802137687232
126,80,504,0.24761904761904763,2919.390544993676,1.8799548622863778,1397.0786341205635,0.14000000002186674,0.5000000000349384,4.044848200927129,3.0342021803632604,4.347204308115555,2.825358296511788e-07,600,1275.5583978557916,590.9666179915137,273.9387483829054,178.9273123044607,721.7552797962891,979.5098812065878,671.5558639706967,644.2874074238216,655.8420231163444,644.2874074238216,216.8449276354845
127,80,540,0.23703703703703705,3470.166157780393,1.9197831212275058,1462.3568754427117,0.13999999998368148,0.4999999999854143,3.8059080183009186,2.701527725041799,4.071793662120796,3.157360065771208e-07,600,1599.5796756614725,752.8359414370634,302.1565310642181,215.5945715215512,911.7840318509822,1310.7743598693755,852.2450904285154,734.3924814462055,749.3311305,734.3924814462055,271.92854486245034
128,80,576,0.22777777777777777,4218.176136275811,1.9921106842067733,1499.999992346339,0.13980124083813175,0.5000000443218824,3.596291827117606,2.4367763301502214,3.832302986135356,2.2473554975136639e-07,600,2035.9403868111956,975.7793510451027,339.8822894702014,266.57458301212307,1172.9237612111806,1770.2134788100466,1100.689624890433,829.0487540436684,847.7252680644822,829.0487540436684,346.1098657579032
129,90,36,2.588888888888889,100,1.0378129568007846,1403.5770269214656,0.050253103,0.065555689,10.472976853483956,13.790891125593419,12.966650839148373,533926.4674389369,600,111.02866438379935,4.739970308574172,107.77913013505736,7.154956831,9.548383559,7.251257471184147,7.712091675830751,72.41759756,72.41161371909246,72.41759756,18.874872945245887
130,90,72,1.3388888888888888,3828.1768825499107,5,367.06384808644185,0.052209735,0.10405743471099915,8.545566808900343,13.01292419494198,10.09677629789099,23336.169329846176,600,2374.933244638372,495.9959810739599,270.1761286952766,239.8333340030808,447.97226072386496,294.1939527575939,379.1484301132371,119.43573255555867,119.42888554379307,119.43573255555867,403.7386515885232
131,90,108,0.9222222222222223,2263.077510824959,4.569011379887664,394.95084333054615,0.038244529,0.15870422993748415,9.845693264474408,11.999998429602815,12.000000201995254,3.53173665126085e-07,600,1031.4556707595548,278.6149896866404,216.68207810743957,136.32536655548626,229.85456179004467,188.65012140373227,188.5897893942264,84.55459999850619,84.57354711671572,84.55459999850619,175.3474640291243
132,90,144,0.7138888888888889,1716.8505793594024,3.979594106,422.3790841429722,0.044107893,0.22701394695327284,9.845693336571438,11.999999027239529,12.000000311198225,1.160013728834302e-06,600,607.4727812704973,209.61630659295977,197.8593317875126,101.90323674776766,174.3757926099759,143.21514241944325,143.07087790299994,84.55459845957066,84.63175350844924,84.55459845957066,103.27037281598454
133,90,180,0.5888888888888889,1500.0939932145855,3.7199041877603176,381.29210736330145,0.062034706,0.3358141569325916,9.845693132,11.999999996037245,12.000000001488772,5.982635350694634e-07,600,439.2893107,182.37650314740387,189.89014630286235,88.53880653292504,152.36042532385613,125.31124420164437,125.0078327523731,84.55460282413044,84.75172119489072,84.55460282413044,74.67918282008254
134,90,216,0.5055555555555555,1410.143245047697,3.197522472524097,357.0691887382904,0.12195420784719817,0.5000000001800438,8.924807322,12.000000005884438,10.638752799498155,7.962588296287484e-07,600,363.37081211137877,175.99776243594505,187.7291549409211,83.04640789281454,158.00265419231505,117.94203875635215,132.54779687278904,107.57672295006118,107.96013357354897,107.57672295006118,61.77303805893439
135,90,252,0.44603174603174606,1481.3878486800688,2.6233609163603875,507.5576087598291,0.14000000000008442,0.5,7.3969297403945236,10.150340901903268,8.515935886,9.841501942204638e-07,600,403.9653573417271,196.6027761660732,193.42675709790075,87.39395011781147,200.2706393965366,146.5359487894978,173.9547911809914,167.89392415956138,168.5580382286487,167.89392415956138,68.67411074809361
136,90,288,0.4013888888888889,1589.584479486401,2.381981509409798,638.0970747,0.14000010924392736,0.5000005774032756,6.5968530513370665,8.194203948971722,7.464578800374377,0.00016424,600,475.3013209,220.2666950439049,199.9945285409903,94.03475066128735,240.9610259795343,195.00357272179193,212.95032472651738,218.51896355272424,219.6409496069569,218.51896355272424,80.80122454857319
137,90,324,0.36666666666666664,1721.0594261678852,2.2079290235038087,773.3286284084724,0.14000000000005441,0.5000000000001985,5.956098344936175,6.7189963835472435,6.649605845111993,1.1599291441940336e-06,600,562.5824297,248.58163132210308,207.73195395400944,102.1644882183987,288.95752328050725,257.8612892766697,258.8212694490765,275.36449316946624,277.17948748244146,275.36449316946624,95.63901304448497
138,90,360,0.3388888888888889,1881.4445204371416,2.0830584969446737,909.1896963,0.14000000005204535,0.5000000000469338,5.4323272621227545,5.589292829124247,6.000182858159447,5.778926725704412e-07,600,669.5782606402429,282.7816434132946,216.91771589386127,112.16766068226619,346.3422635737785,339.4532408846303,313.5645304340398,338.19779699076014,341.01590710516194,338.19779699076014,113.82830430884128
139,90,396,0.3161616161616161,2102.351122906973,2.0076129788792856,1035.680495999299,0.14000000000127358,0.5000000000030221,4.996403611383827,4.7226929704264204,5.470614309462061,6.060436130425991e-07,600,809.4076076171268,337.90727058394003,228.94465913857664,126.0923640553598,420.77287713846164,449.78380010456715,384.2989112,406.8436592760664,411.0307177664281,406.8436592760664,137.59929329491155
140,90,432,0.2972222222222222,2394.6936316649408,1.9703004561597914,1148.813283491606,0.14000000001376828,0.5000000000200171,4.6280452033886466,4.049838688812397,5.030558529780823,1.2772215508906184e-06,600,990.7294177,414.8328737792443,244.36644562782828,144.76602474779338,517.4309079590558,598.7050915927553,476.02937476790976,481.1354240863258,487.10939699847376,481.1354240863258,168.42400100089864
141,90,468,0.2811965811965812,2778.301247254135,1.965439554921609,1244.9002437207014,0.13999999996723322,0.4999999999511633,4.312516938,3.5222952365848603,4.658850272534706,5.093176302482439e-07,600,1226.6307226615932,517.8643788569084,264.1427949555499,169.6640644450121,644.2412370988256,800.3944424297086,596.3491172131114,560.9733627335446,569.1820333138098,560.9733627335446,208.52722285247083
142,90,504,0.26746031746031745,3290.0218499049356,1.9924782833049866,1319.6114898675767,0.14000000002474752,0.5000000000409375,4.038740558264114,3.1066560746038436,4.340131952502394,7.270406099282773e-07,600,1538.7056655191448,657.7866503589446,290.0144646354129,203.51592205819708,814.6157948108003,1076.9494871111983,758.0465031732514,646.3888837,657.2673583592139,646.3888837,261.5799631382546
143,90,540,0.25555555555555554,3985.024847436033,2.0528449198377468,1369.5366855573238,0.14000000022018133,0.5000000003753732,3.7982622791551575,2.778348940438942,4.063023680092168,2.9534230880532177e-07,600,1959.113844550354,850.7605678285073,324.60403479125927,250.54694371996615,1049.1705297198214,1461.5277598364542,980.8027619828282,737.5662556379177,751.4884675554043,737.5662556379177,333.04935357356015
144,90,576,0.24513888888888888,4947.008127488079,2.149843683008436,1392.5235212225357,0.14000000043248936,0.5000000007223604,3.584556439835339,2.519075659452897,3.818952874511735,1.4898398503780451e-07,600,2536.335904192657,1121.3219121170384,371.9286983666625,317.42199879615697,1380.089338951886,2004.5336414991452,1295.383391742054,834.8551827044677,852.0822954,834.8551827044677,431.1771037127517
145,100,36,2.8666666666666667,100,1.0334895803791937,1408.0086031670667,0.050778125729846295,0.065622741,10.438493788284815,13.808744332602343,12.912633675325532,551198.9820685831,600,122.7406507213264,4.750338370598106,107.78181626588675,7.154956831,9.579926187457295,7.2418815395823914,7.744353516,73.02475105191506,73.01870853879507,73.02475105191506,20.865910622625485
146,100,72,1.4777777777777779,2624.514244001446,5,329.4723394831309,0.044429114,0.11592626690284882,9.973479714365093,14.277701770011191,12.194226719318905,96259.53498101677,600,1623.8288845979948,323.1666320278785,228.1450441753017,159.63089098280872,263.14930387047184,183.8320333,215.22596753458063,81.88252292198626,81.88045275067756,81.88252292198626,276.0509103816591
147,100,108,1.0148148148148148,2636.233678,4.931332312855058,366.16822966564786,0.038194989,0.15860355054653677,9.84568948,12.000017780408491,11.999994470179622,2.40887988137864e-05,600,1321.2111777928044,325.8245229722454,228.80979831091676,160.3930867517821,267.75511081045437,219.75401349048704,219.6862411,84.55468077379234,84.57283960201448,84.55468077379234,224.60590022477672
148,100,144,0.7833333333333333,1867.7247877971338,4.150772793257468,405.4098180226578,0.044009296,0.22676620518505883,9.845693169957842,11.999999823812418,12.000000058834162,4.1485484452215794e-07,600,724.489107,228.71147214096624,203.21647393178228,111.30837881952725,189.6996743201506,155.79785010126182,155.64373155333044,84.55460201599436,84.63023060745455,84.55460201599436,123.16314818951072
149,100,180,0.6444444444444445,1590.1613001918279,3.8299500318037523,371.22626794195054,0.061735711945071714,0.3350198624159799,9.845693131114755,12.000000000005167,11.999999999999833,1.6843182310779611e-07,600,509.0610951986467,193.78479429750814,193.24472452505333,94.07027577,161.50831424620947,132.83085160774795,132.51344168265416,84.55460284511321,84.74902964041988,84.55460284511321,86.54038618376993
150,100,216,0.5518518518518519,1474.8553297006613,3.2816516252325987,347.9200648818856,0.1210897367838772,0.5000000000000916,8.950908529887846,12.000000000000842,10.67644070120107,3.1898136949006203e-07,600,413.3802883863705,184.26790142835998,190.2132323539132,86.99447231637423,164.77157874823476,123.35275487083423,138.14110628973418,106.81857046291685,107.19780577637606,106.81857046291685,70.27464902568299
151,100,252,0.48571428571428577,1551.159392427672,2.684169391231425,496.0910968696737,0.13999999994731138,0.49999999996276157,7.396315276201606,10.200750732290944,8.515113363956711,1.5377665495329716e-06,600,457.0243129,206.2220455970617,196.24315886766664,91.67111512272088,209.7205614556054,152.66952586117475,182.16544232910783,167.92636131932747,168.57974782807727,167.92636131932747,77.69413319425425
152,100,288,0.4361111111111111,1675.7023650747049,2.4452607642061417,621.6512351704926,0.14000000000007387,0.5000000000002671,6.595922670864929,8.248983738,7.463378482876777,1.4906511802056028e-06,600,540.2244283183519,232.6126844393301,203.51394152269106,99.35253171659804,254.0512447904379,204.1812318272883,224.52329985934216,218.58925698029816,219.68816197102078,218.58925698029816,91.83815281411982
153,100,324,0.39753086419753086,1828.973317585391,2.275514538823619,750.4879883360519,0.1399999996659182,0.49999999969831804,5.954740175,6.777683909519897,6.6479027529800305,5.313266956323567e-07,600,643.2533172028312,264.64538267881454,212.19042921241206,108.88491741293089,307.14578028536016,271.61051933928354,275.1203478067612,275.50559967803537,277.2741703387038,275.50559967803537,109.3530639244813
154,100,360,0.36666666666666664,2018.6829871610125,2.1568369453244527,878.3217972823088,0.14000000000052662,0.5000000000010127,5.430383630440006,5.651668418388945,5.997800011575679,9.536934161126608e-07,600,771.2772712534314,303.9645508334015,222.64320401946395,120.79893762699464,371.7385592880195,360.0989473,336.57057308762876,338.4665733904648,341.1965605211393,338.4665733904648,131.11713611308335
155,100,396,0.3414141414141414,2278.383717557098,2.066456455,1017.5806973937229,0.13994473627730236,0.49465520556725684,4.945211618508814,4.798480862110263,5.409056926479111,0.000657234,600,940.2618708411995,364.1256274558927,236.7176706918369,137.30418513901213,460.7252213493999,479.5009437128044,421.21644281531974,416.15646123926905,420.2245918,416.15646123926905,159.8445180430039
156,100,432,0.3203703703703704,2627.523392322813,2.0621332746898524,1098.2668896638688,0.1399999858225057,0.4999999865506052,4.624489796950543,4.118053450228759,5.026343472795696,3.1743966774520696e-07,600,1161.4248846173011,452.0817736842522,254.19073876353974,159.82655867556457,568.1758437558756,645.6730007391553,522.7504659289352,481.94271613869955,487.65411416439997,481.94271613869955,197.44223038494118
157,100,468,0.3025641025641026,3095.175471160415,2.0720618808840836,1181.7659805388298,0.13999999995276297,0.49999999994253325,4.3078459338903246,3.5946342108844687,4.653383137627304,2.2235026792394155e-07,600,1455.602446086656,571.4559839990274,277.5732272349419,190.54428538010376,718.4972533047921,873.0539805419203,665.1452028810596,562.2922821442247,570.0738300972613,562.2922821442247,247.4524158347315
158,100,504,0.2873015873015873,3730.1005176620024,2.1181821253966207,1242.6166510487792,0.13999999999639653,0.4999999999949476,4.0327788021033575,3.183533715478561,4.333230180576254,1.0332551413469315e-06,600,1851.859819844919,736.3228662963114,308.75588929834237,233.1629587140141,924.9454782187684,1190.2550347619274,860.8129183587372,648.4496012,658.6635494924404,648.4496012,314.8161693736362
159,100,540,0.2740740740740741,4608.967973977377,2.2031139117002194,1277.8990200995183,0.14000000080345018,0.5000000013847365,3.790882247792914,2.860233031840396,4.0545609725651355,3.312100320580698e-07,600,2396.028734054654,967.9093008006466,351.32832538849834,293.7021892420773,1215.8035182076048,1639.6887542406162,1136.7366294806252,740.6483755109741,753.5805439558147,740.6483755109741,407.3248847892911
160,100,576,0.2625,4999.999999999972,2.1619873149525493,1384.203583683361,0.140000003,0.5002346797132582,3.5855815447310624,2.5243882543358875,3.820118785,37191.51971966433,600,2765.620291447094,1131.8899045885867,374.1798450163338,321.16098881210996,1394.4739333421014,2021.5212489969078,1308.859824,834.3456602184284,851.4691659968067,834.3456602184284,470.15544954600597
161,110,36,3.1444444444444444,100,1.0230595806332357,1431.9588972409613,0.051126582,0.065183011,10.355029132775458,13.677468765574488,12.782319090147151,570905.7856791021,600,135.8640081863402,4.775719628796691,107.78839197694812,7.154956831,9.657143279634308,7.3113866833494825,7.823306498198896,74.52130240880734,74.51511544194213,74.52130240880734,23.09688139167783
162,110,72,1.6166666666666667,1499.9999998243402,4.000000047332817,400.0000000080142,0.042060775,0.11935524089373709,10.43295217689938,14.432335226974136,12.903962581238721,310489.1627061752,600,1000.3060108286744,179.22016445763504,189.1563182650415,88.53305048023337,143.7752205119503,103.94283248521938,116.24336248504117,73.12292511754943,73.12264786285405,73.12292511754943,170.05202184087463
163,110,108,1.1074074074074074,3262.505004,4.999999904069122,380.8566242068336,0.041338417,0.15040474689360073,9.130493492547481,12.000001522937524,10.937123871013318,0.000298961,600,1796.8017341837708,413.56701397636925,250.47544341548917,201.67810260013275,357.31967898021526,271.93773078281646,298.2964298625742,101.7872742009411,101.8008784097791,101.7872742009411,305.45629481124104
164,110,144,0.8527777777777777,2047.4797237683667,4.345925921258546,387.65904653264454,0.043905423,0.22650486517582896,9.845693066349988,12.000001826261762,11.999999901902791,4.465962628148156e-07,600,863.9693431,251.4617089221334,209.43115865499362,122.61818135519442,207.95689140118725,170.7889991549971,170.62331170883644,84.55460422753929,84.62863073929435,84.55460422753929,146.8747883294866
165,110,180,0.7,1691.6429289551377,3.9502696941955855,360.81271456185686,0.061428357911897186,0.33420122080903664,9.845690943533999,12.000006334227596,11.99999668654432,1.171470969121802e-05,600,587.7107268753305,206.63871241818032,196.9501521097739,100.33991487604432,171.81556263109167,141.30319987776025,140.97028300449358,84.55464953978507,84.74629592330744,84.55464953978507,99.91082356880618
166,110,216,0.5981481481481481,1545.7220858908604,3.371697839,338.6331637186377,0.12021493524955866,0.4999999996070028,8.977568451695314,11.999999985240224,10.714987516669929,1.654255741876743e-06,600,468.17385509571585,193.3218135044686,192.89059188290594,91.33711158650638,172.17602897797653,129.27801039740044,144.25794556326738,106.0514002904581,106.42639639495087,106.0514002904581,79.58955537
167,110,252,0.5253968253968254,1626.8419079853843,2.7486027708849248,484.49314927371796,0.1400000000000766,0.5000000000002752,7.395694218129503,10.252646734101758,8.514282039983197,1.4670965138505052e-06,600,514.6009139,216.65616333954304,199.25408379476318,96.33195819051406,219.97149422395137,159.29757153734928,191.07211862911169,167.95915516490103,168.60169475554284,167.95915516490103,87.48215536268721
168,110,288,0.4708333333333333,1769.9527044412685,2.5126828607571663,605.0354420896422,0.1400000144292468,0.5000002297259779,6.594991728204347,8.305562428,7.462177491,7.590198819115663e-05,600,611.3261852964057,246.12433574199463,207.30675601580506,105.20413956177384,268.3783054453023,214.17327943821462,237.18984260209453,218.6596238824024,219.73524678897013,218.6596238824024,103.92545150038896
169,110,324,0.42839506172839503,1948.4479095003314,2.3480561468535943,727.4275165,0.13999981171125628,0.4999997235068712,5.953374869004259,6.8385878743685975,6.646190813113461,7.139756682175679e-06,600,732.6005658219482,282.42984073359895,217.04658929952438,116.3735857,327.2845994705894,286.72680301119374,293.16761499773514,275.64754858591095,277.3693802653098,275.64754858591095,124.54209618973118
170,110,360,0.39444444444444443,2172.6207082182555,2.236671678206681,847.1963004818692,0.14,0.5000000000039659,5.428435359198958,5.716726647861612,5.995411674530297,1.202646819313445e-07,600,885.3838196475572,327.7248216240989,228.9557583606213,130.55596179399151,400.22963606567777,383.04656911118514,362.38057137060014,338.73629073821587,341.3777983373744,338.73629073821587,150.51524934008472
171,110,396,0.36666666666666664,2474.504319801264,2.1755492141052852,956.4712571187927,0.14000000001230617,0.5000000000232192,4.991147067114001,4.854458458151291,5.464287382,3.7764965348198044e-07,600,1086.1112591513834,394.0542310835938,244.42913621915045,149.91030787919703,495.7786830417083,514.6365825,452.85032554752433,407.78634782033754,411.6653997,407.78634782033754,184.6389140557352
172,110,432,0.3435185185185185,2895.650514531632,2.1629951607828626,1047.6342524616155,0.1400000033621962,0.5000000034818778,4.620966950868565,4.189760807993078,5.022167620908505,6.448925666206033e-07,600,1358.2622358820452,494.72001996575494,265.30424776221884,177.36481397364525,626.6330283940594,698.9953682089111,576.5738488051126,482.7445046261922,488.1948338792351,482.7445046261922,230.90458009994762
173,110,468,0.32393162393162395,3455.9752860140784,2.187350497296481,1113.8818326389903,0.14158282412033943,0.5028884040020877,4.303938036331093,3.675051113732238,4.6488099632447994,0.19540746900546785,600,1717.7101395193745,631.4785998633369,292.58844526951225,214.64015053220294,802.9797959080602,952.7804939995731,743.4107466939473,563.3991139967522,570.7688059898853,563.3991139967522,292.0107237182936
174,110,504,0.30714285714285716,4256.368852351713,2.259169095782267,1166.274772591793,0.14000009894254728,0.5000000895704831,4.0269736374901965,3.265141097161098,4.326511260184416,6.541262250569721e-07,600,2227.1091748146705,829.2719563948783,330.7770644738682,269.2114654489987,1056.964668,1322.8695460054405,983.7877671836421,650.4652040428064,660.0278209,650.4652040428064,378.6085597
175,110,540,0.2925925925925926,4999.999999999941,2.279161648525499,1236.1004910996587,0.14160408660820514,0.500064434,3.7669719001741795,2.913903939893561,4.027159719337149,7259.298258062659,600,2756.5132069327688,1039.0657031250305,368.46161671551306,321.1609888121078,1327.3260678606996,1744.626801685703,1241.5698279836085,750.7615762840726,763.2525446511443,750.7615762840726,468.6072451785706
176,110,576,0.2798611111111111,4999.999999999403,2.160598376256769,1366.980380397982,0.14391808511180704,0.506868164,3.583423704362555,2.5333631357920456,3.8176646031913224,151612.53955394297,600,2964.437926018225,1129.524280318252,374.25135403703916,321.16098881206983,1395.3136476471566,2014.3390943930635,1309.701223051319,835.4187217093573,852.5555473073958,835.4187217093573,503.95444742309826
177,120,36,3.422222222222222,100,1.0246927266910162,1416.9322060255686,0.051884643,0.06576929,10.368123921988643,13.844307998939266,12.802723956517145,586435.2828105696,600,146.0766053,4.771710530434792,107.7873533,7.154956831,9.644946448597198,7.223276692266251,7.810837782618568,74.28394894161687,74.27778487,74.28394894161687,24.83302289931955
178,120,72,1.7555555555555555,100,1.935123437902538,610.6759772531226,0.021981743267785448,0.16146167769056183,16.349689735086056,12.02269017652302,24.177834537048692,494435.86116600264,600,84.17355057,4.345966034655744,107.48686023398727,7.154956831,6.116324017170939,8.325508187582727,4.136019702126998,20.828833282868985,20.846627617727158,20.828833282868985,14.309503596661743
179,120,108,1.2,4464.944922219397,4.999999999455223,410.71532669339143,0.048643125,0.13948278619869867,8.010306342083519,12.000000172597344,9.349118819958623,9.981118817979365e-08,600,2697.595153641283,591.2757417940741,292.4072784958415,283.66706421728566,557.4000208658741,372.13109637177746,477.57922518725235,139.3023321760653,139.30860817596582,139.3023321760653,458.5911761190181
180,120,144,0.9222222222222223,2265.3115484215077,4.571265450777016,369.00846507938184,0.043795403,0.22622764761860656,9.845692287637311,12.000004779918713,11.999998722412668,2.0270957341323964e-06,600,1033.0577668707178,279.0308350183489,216.75618510561836,136.46818518794518,230.08148967502606,188.95545902351813,188.7759824666093,84.55462084942866,84.62695741655769,84.55462084942866,175.61982036802203
181,120,180,0.7555555555555555,1806.835642741178,4.082553104060223,350.0191259406663,0.061111626,0.33335558945002935,9.845693131118207,12.000000000012443,12.000000000005057,4.439720584035297e-07,600,677.0331635703816,221.22908508153304,201.0712072581394,107.50285314340682,183.5153318998446,150.92021995753555,150.5696368950347,84.55460284503955,84.74337133159847,84.55460284503955,115.09563780696487
182,120,216,0.6444444444444445,1623.630289664063,3.4683562587263177,329.1999615918337,0.1193292645410633,0.5000012282150095,9.004834994,11.999997239611336,10.754466130706467,0.000331841,600,528.4562883302901,203.27206985914168,195.78641851761896,96.13372946235472,180.30650098428654,135.79196831131352,150.9726535869806,105.27422034534139,105.64490958114018,105.27422034534139,89.83756901614932
183,120,252,0.5650793650793651,1709.141952332487,2.8169969418891454,472.7621357371302,0.13999888516832168,0.49999899529791264,7.395079147961846,10.30607526782973,8.513458755136751,0.000210804,600,577.2485662,228.00239677468787,202.4805923926488,101.42491603211727,231.1188180864221,166.47769473958104,200.7576475661252,167.99164135348076,168.6232126655203,167.99164135348076,98.13225625635482
184,120,288,0.5055555555555555,1873.5383965769402,2.5847422607023054,588.2319354999532,0.14000000000019008,0.5000000000003879,6.594047438,8.364109093016358,7.460959330579895,4.084770621172542e-08,600,689.4804694614694,260.97421720496817,211.41109700920643,111.67241079314142,284.1257079380994,225.09633890519333,251.1122650002867,218.7310313578864,219.78314311510402,218.7310313578864,117.21167980844979
185,120,324,0.45925925925925926,2081.2681304452344,2.426137696998518,704.1376740489079,0.14000000000001162,0.5,5.952000109640743,6.901875258372202,6.644467123412235,8.011317949011384e-07,600,831.9544749407559,302.20069788285446,222.35754072388866,124.75631195739541,349.67541870069925,303.4113258329472,313.23326487864523,275.79058262021925,277.4653457328661,275.79058262021925,141.4322607399285
186,120,360,0.4222222222222222,2346.1016438208194,2.323326936563524,815.8146939970674,0.14000000108572846,0.500000049,5.426483266708931,5.784659334600128,5.993018851420566,8.949776977478928e-06,600,1014.0111973086903,354.5013635,235.9485663707709,141.64350821688322,432.3429242312379,408.66601262072663,391.47242850149007,339.00683813858177,341.55952434672076,339.00683813858177,172.38190354247735
187,120,396,0.39191919191919194,2699.6723494652992,2.271068559,916.5946462087666,0.14000000008510055,0.5000000001369803,4.988533124425306,4.924985771630067,5.461141680353667,6.480298715296377e-07,600,1253.7824642611406,427.80275610214306,253.56211309609373,164.52582100894764,541.1755885205854,553.2132583454616,494.3421188242212,408.25626553689136,411.9815975061029,408.25626553689136,213.1430189243939
188,120,432,0.36666666666666664,3206.269722378474,2.2741809671456803,996.9618562650311,0.13999999989121298,0.4999999998233958,4.617480422935767,4.265214877807546,5.018035411,2.2643242238030392e-07,600,1586.5736818480661,543.8128418786755,277.9554481074631,197.92822639342847,694.3764626,759.8680763295783,638.9492022243761,483.53988487157426,488.7309252953472,483.53988487157426,269.71752591417123
189,120,468,0.3452991452991453,3905.327955486438,2.3221696815197794,1056.096280431094,0.1400000001180563,0.5,4.298746126,3.751872124110189,4.6427352990506074,1.8849798904672772e-07,600,2042.4621527353863,706.7840744100253,310.9859866176357,245.09617588694172,908.4807152272735,1053.7964923501709,841.1696346946677,564.8744078561472,571.8177369015041,564.8744078561472,347.21856596501567
190,120,504,0.326984127,4876.423855340499,2.394130057297644,1103.626812225502,0.1418652027823739,0.4991437590862694,3.989839604902234,3.361805225613512,4.283568769267317,0.000786291,600,2671.046417,935.8421585292726,357.11301306685283,312.45030750777454,1222.2104992263191,1470.390504672214,1138.4021403663812,663.5723158153417,672.5901554480535,663.5723158153417,454.0778909085844
191,120,540,0.3111111111111111,4999.999999999993,2.288588202142708,1227.5414046182343,0.1412428662708541,0.5014475205051337,3.7815088062759363,2.910843164975579,4.043815947755133,75811.54595,600,2946.4204867717744,1039.7303972570048,368.0270927125398,321.16098881211144,1322.223550478529,1746.564168944379,1236.455878456998,744.5896322,757.0225044762464,744.5896322,500.89148275120164
192,120,576,0.2972222222222222,5000,2.1586195036448643,1385.9014216064872,0.14052731206465904,0.5004137257318685,3.580349036312585,2.526217113358855,3.814168038532104,365565.3213721048,600,3177.724916887731,1131.3806803882085,374.3533948686688,321.16098881211195,1396.5118901227347,2020.007797420625,1310.9018662754743,836.9511316490065,854.1069826053829,836.9511316490065,540.2132358709143
193,130,36,3.7,100,1.062421909802378,1259.9287245318626,0.056784788,0.071338247,10.667989138281921,15.450415574117256,13.274120214046462,579710.9285,600,141.7856822025198,4.682597123,107.76426603770862,7.154956831,9.373837816,6.472406521,7.5334559569666695,69.10162386344044,69.09596114874151,69.10162386344044,24.103565974428367
194,130,72,1.8944444444444444,1087.5047835032021,3.419507277873896,463.83738585268276,0.042461427269188536,0.12040073560259276,10.465911400445144,14.610912980857542,12.955574394266355,511464.29678201943,600,838.4095429367374,127.70739399598614,172.93115561409587,63.624011785585274,103.90922891406738,74.43835657062229,83.94107049275178,72.54147820233538,72.54171400275646,72.54147820233538,142.52962229924535
195,130,108,1.2925925925925925,5000,5,419.64678528280047,0.052177078881743014,0.13651715974005574,7.633757224418938,12.000065527048047,8.834739128623221,28729.818455129665,600,3263.966593162046,673.1652140210012,311.20593100634255,321.16098881211195,654.9854616814314,416.7137919639538,565.9476672,155.99557729422853,155.99914944392106,155.99557729422853,554.8743208375478
196,130,144,0.9916666666666667,2534.8208050314743,4.835552879921099,349.3048472674359,0.043678055578067455,0.22593156258684507,9.845692902012958,12.000001637763418,11.999999652986972,4.885005707431623e-07,600,1242.310362061935,313.1400305895398,225.5603187284961,153.81079257966195,257.4547906641724,211.43149263486885,211.23507319439972,84.55460774,84.62515053960779,84.55460774,211.19276155052896
197,130,180,0.8111111111111111,1938.7550888636247,4.228964051040317,338.8031067950313,0.060784523,0.3324798203793374,9.845693131152313,11.999999999950445,12.000000000056716,4.79593433368819e-07,600,779.3612700746957,237.93785113714128,205.6924724954703,115.76418768316415,196.91402758931184,161.93339544644434,161.56292407120515,84.55460284431162,84.74038419727168,84.55460284431162,132.49141591269824
198,130,216,0.6907407407407407,1709.8076558376456,3.5726147406251325,319.59872078116933,0.11842951393658938,0.5000000005802633,9.032767255487736,12.000000022609491,10.794966158260644,2.754720574818975e-07,600,595.1303784625829,214.27490216063435,198.93668573656998,101.46621433217854,189.2894621854532,142.9971625275128,158.38934840284307,104.48577677590052,104.85207807883077,104.48577677590052,101.1721643386391
199,130,252,0.6047619047619047,1799.1627095191072,2.875667259031385,465.43619054863876,0.1400000000027892,0.4975586759221304,7.363005399057335,10.378647617710076,8.470560336004347,4.800712422022632e-08,600,645.3438915077347,240.74837686583993,206.04642252929207,107.02423772152164,244.3516759813118,174.00270942244302,212.4018527879103,169.6975082842395,170.31788642989136,169.6975082842395,109.7084615563149
200,130,288,0.5402777777777777,1987.7293602533266,2.6619090220373507,571.2420984244168,0.14000000283723116,0.500000003,6.593097127334861,8.424716871724243,7.459733455774053,4.7295438383048936e-07,600,775.6736510786104,277.3442584949572,215.86558752589247,118.84655087065693,301.48643677828386,237.0717941860321,266.4611774720671,218.8029263911216,219.8313017741801,218.8029263911216,131.8645206833638
201,130,324,0.4901234567901234,2229.551365809642,2.5104227987134453,680.6152722930244,0.13999999999995308,0.4999999999998884,5.950617685,6.967704324169097,6.642733927060752,2.3810566212119606e-07,600,942.9044671,324.2730568487365,228.19033743525188,134.18399233671846,374.67561921491085,321.90157092943707,335.637614,275.93451781186513,277.56187683820633,275.93451781186513,160.2937594
202,130,360,0.45,2542.6532843516934,2.4177232940305338,784.1717631320082,0.14000000000000926,0.5000000000000328,5.424525855425779,5.855696990642141,5.990619707955151,2.4438319416047136e-07,600,1159.760201485236,384.8386222125293,243.7368654794722,154.31808952574218,468.7328168614871,437.4134482417675,424.4391078564404,339.27842570109743,341.74194297834043,339.27842570109743,197.15923425249008
203,130,396,0.41717171717171714,2957.5886600320996,2.3757156566688566,876.5550497,0.14000000020287393,0.49999999981870286,4.985930285732125,4.998921434939165,5.458009681342713,0.000158294,600,1446.002902965815,466.28222445002916,263.84632988817754,181.44462122245346,593.1869261180038,596.8729101863348,541.8804349398863,408.72494374166126,412.29684075673754,408.72494374166126,245.82049350418856
204,130,432,0.3898148148148148,3558.586357186469,2.3940188865643113,944.4149166268655,0.14092788471792328,0.5016639772009255,4.614203857641392,4.347348195528255,5.014152582914342,0.8910780162720278,600,1847.0569094359491,598.8578684505876,292.0630991781288,221.55244940958335,771.2243470329646,826.9940491748175,709.7084299572981,484.2890559416072,489.2292479662268,484.2890559416072,313.99967460411136
205,130,468,0.36666666666666664,4426.852570474489,2.469615704513867,993.7801611897094,0.13999999620293524,0.4999999927286606,4.294331486,3.8373714523642213,4.637571056530471,2.876455658095734e-07,600,2421.008286,792.8564201743862,331.9682629861266,281.02013714155424,1030.859537831222,1167.0413762530206,954.5627477212978,566.1331584473519,572.6669040289127,566.1331584473519,411.57140870472966
206,130,504,0.3468253968253968,4999.999999999997,2.4030955467861075,1094.701874670786,0.14560708235425848,0.5014760907646525,3.9574327344747373,3.3955341738433438,4.246144451402288,18349.41090399825,600,2896.7160293561774,954.5613643453984,363.0216149172792,321.1609888121118,1263.4453534593401,1492.258922,1177.5388372264981,675.3209411,684.3069639371004,675.3209411,492.44172499055014
207,130,540,0.3296296296296296,5000,2.225686797,1240.115918969721,0.1546538611760705,0.5105883144773276,3.6843500972409045,2.9585385204107086,3.932672447,190402.82253164204,600,3114.120390189152,1030.0739407431172,370.99639909220355,321.16098881211195,1357.0914457191095,1717.7431056057744,1271.400063922318,787.2708935074453,800.1070375,787.2708935074453,529.4004663321558
208,130,576,0.3145833333333333,1481.857476498697,1.4289021159410622,1500,0.18969162019624944,0.681819736,4.294490452207018,1.9264561499295982,4.637756999677745,1106689.874005184,600,1239.772505,400.8850537964891,205.77052856435762,87.42267540890325,345.06013996075905,804.2209187868273,319.52029323693847,566.0877630240986,591.7936241453757,566.0877630240986,210.7613258213822
209,140,36,3.977777777777778,100,1.049284770159507,1291.0105349357018,0.056843241,0.070492422,10.564152358860827,15.187574697583837,13.10998206019323,600024.8276499868,600,154.97274356671312,4.712882549157028,107.77211230805156,7.154956831,9.465974799,6.584417570458723,7.627775502732159,70.84277281082528,70.83694132460771,70.84277281082528,26.345366406341228
210,140,72,2.033333333333333,100,1.0991415300351253,1301.9049563999338,0.046432684921548346,0.1334374517104005,10.954997539162354,16.649862284234242,13.732902783086558,479392.5992553297,600,72.88059269355293,4.6029285846694385,107.74335242608682,7.154956831,9.12825399,6.007310702,7.281781687347266,64.56171447197076,64.56902849459867,64.56171447197076,12.389700757903999
211,140,108,1.3851851851851853,4986.579260155386,4.999999999977564,419.31197872725363,0.052120186,0.13662609858348385,7.642531768,12.006822333387047,8.846619924845923,155903.6880996814,600,3479.388088947534,671.0913473686816,310.73270360540045,320.21353100596025,652.4774003856169,415.3615946123969,563.670566,155.5768620836695,155.58049926834326,155.5768620836695,591.4959751210807
212,140,144,1.0611111111111111,2908.2875359685313,4.999986618690968,347.41502203493144,0.044312549,0.219714175,9.569001102897948,12.000033717947504,11.584009341697433,7.281457411475938e-05,600,1528.802218600941,363.1899719,238.10752511887932,178.1963534664347,303.92801763684236,242.5552824215478,251.06053095968696,90.73648429072892,90.80217816623183,90.73648429072892,259.8963771621599
213,140,180,0.8666666666666667,2091.3243655864853,4.392211218527154,327.1176129936626,0.060445718,0.33157017524365084,9.845693134875377,11.999999986148252,12.000000005695922,3.0460901685351535e-07,600,897.7472330440112,257.2618142812466,210.92246702855027,125.39340314663512,212.41006975716152,174.67024684839708,174.27703038281808,84.55460276484146,84.73727482,84.55460276484146,152.61702961748188
214,140,216,0.737037037,1805.4978090013158,3.6853754032897417,309.8249746616485,0.11751620233920826,0.5000000000089525,9.061421310721004,11.999999999590605,10.836573429732288,1.184741643839722e-06,600,669.2161474411088,226.4879303096719,202.37543196126532,107.41938774764922,199.25106085346064,150.9976512498058,166.61150507664854,103.68496604032939,104.04679789827621,103.68496604032939,113.76674506498847
215,140,252,0.6444444444444445,1897.449432115596,2.9353719403547003,458.7088855895427,0.14000000268097884,0.49464147185664387,7.3247728240403465,10.45610808697988,8.419508916366748,1.3059722990377766e-05,600,719.6337461,254.74409209344475,209.90430849387388,113.17089922134804,259.04549911610263,182.12885258629245,225.36343282767118,171.76165801286572,172.3706366601136,171.76165801286572,122.33773684223651
216,140,288,0.575,2114.135390222199,2.7447886535228188,554.0545347800338,0.14000003166687133,0.500000029,6.592137511353435,8.487546032,7.458495631039833,1.979440734092246e-07,600,871.1100912579545,295.4652352716563,220.71983384152983,126.8397849419964,320.7055961106832,250.25373611799085,283.4533255505111,218.87555823596392,219.8799553694654,218.87555823596392,148.08871551385226
217,140,324,0.5209876543209877,2395.8739256915783,2.601693207777165,656.8534645545346,0.14000000000045762,0.5000000000006859,5.949226670262007,7.036265319550877,6.640990066699499,1.0786587944982984e-06,600,1067.3764504352519,349.03036709987845,234.62618610051717,144.84196064092708,402.72022877656843,342.4846117991179,360.7705931839019,276.07945235963246,277.6590612103108,276.07945235963246,181.4539965739928
218,140,360,0.4777777777777778,2766.566813417146,2.5209216760857123,752.2715023833961,0.1399999999552678,0.4999999999037916,5.422565026815941,5.930072589271427,5.988216576006778,6.28377393789174e-07,600,1325.8131343918908,419.39883124132643,252.4595075117064,168.89613297481088,510.19523043721574,469.8384645570281,462.0017960776599,339.55079207733087,341.9248145514942,339.55079207733087,225.38823284662143
219,140,396,0.44242424242424244,3262.0897931834747,2.4935601641021474,835.4547688039208,0.13999998541716013,0.49999998675164986,4.9832813030303456,5.078336978710159,5.454822505135222,3.5078886267289963e-07,600,1670.915759295308,513.7412064883034,275.78303375906745,201.65038591510967,654.6067931585138,647.7772277582002,598.0194204508969,409.2027078,412.6180637020078,409.2027078,284.0556790802023
220,140,432,0.412962963,3993.504125247117,2.5339560974805115,895.7217656773383,0.14000000000000393,0.5,4.610631205927829,4.428475101646433,5.009919475759007,3.012524896304221e-07,600,2166.154205,667.0307566,309.19199327239056,251.1277188610582,866.1512810030696,910.5637150523596,797.1194236893593,485.10779706777174,489.7868515,485.10779706777174,368.2462149127759
221,140,468,0.38803418803418804,5000,2.618021923266181,935.4889718,0.14119895826540044,0.5013914486037905,4.284358589208589,3.927426285252776,4.625908145,76.35306653778993,600,2846.809922561236,885.9556120552606,354.81150074953325,321.16098881211195,1167.0358341605586,1287.0274877935476,1080.8688463450212,568.9914445255248,575.1618261647133,568.9914445255248,483.9576868
222,140,504,0.36666666666666664,5000,2.3538207166181198,1120.224293301075,0.15102376373786705,0.5004357838294577,3.8818785248567984,3.4245290201625087,4.159078397,89370.18324873417,600,3062.5051338541043,950.1666005934073,365.1157392698468,321.16098881211195,1288.0361835084598,1479.2509171228817,1202.189408874076,703.8911948840536,713.0774181771013,703.8911948840536,520.6258727551977
223,140,540,0.3481481481481482,5000,2.3392521373878408,1130.5531736112669,0.1526016998224729,0.5325019554721753,3.8594969918644084,2.9281332491274563,4.133336477979173,386462.792,600,3298.071278136159,1036.6772230495192,365.7518261897824,321.16098881211195,1295.5056087722583,1736.8110518147234,1209.6764990312495,712.6859947060921,724.8198645283775,712.6859947060921,560.6721173
224,140,576,0.33194444444444443,1464.3078382471715,1.4225944957356562,1500,0.1908535859076008,0.6846208451880961,4.3005716100161235,1.921510865854869,4.644871015882503,1283800.2295553053,600,1309.2886229095245,396.84948498568764,204.86898727982563,86.34982831,340.4914441691349,797.0001547836671,315.25263742312126,564.3550675248848,590.1735605693177,564.3550675248848,222.5790658946192
225,150,36,4.2555555555555555,100,1.0410001493504497,1312.3869183143079,0.056778619,0.06989611,10.498355022159192,15.005676765033254,13.006472285467602,619973.2591294609,600,167.71930206120723,4.732383334766139,107.77716452140648,7.154956831,9.525301801,6.664231978444579,7.688479843357069,71.97483970532507,71.96889866959864,71.97483970532507,28.51228135040523
226,150,72,2.172222222222222,100,1.1102194042015021,1271.1510005888038,0.046791749171144814,0.13530152340041796,11.040659253527638,16.944239749193304,13.871312045963975,484338.3167702672,600,76.47222131618065,4.579691541054026,107.73732115637877,7.154956831,9.057430150110708,5.902970953496981,7.209123381309571,63.279736609008566,63.287195943753986,63.279736609008566,13.000277623750708
227,150,108,1.4777777777777779,3863.0011993967955,4.999990326239531,384.5335308848692,0.048013372937988644,0.14897482492937383,8.513301839588275,12.76710661813313,10.05114343517568,192533.61859159946,600,2687.0210198219343,501.1701039901561,271.3894317010352,242.20717352148762,453.7606292112415,302.6277374741546,384.33450127450857,120.5226868002302,120.53235305891018,120.5226868002302,456.79357336972873
228,150,144,1.1305555555555555,3489.9648533532454,4.999999999999269,371.0642981627907,0.046603191,0.20575259621575995,8.880369075,11.999999976732191,10.574703659204934,0.000347343,600,1968.055635677657,446.6021705699071,258.39870611460697,216.92697812204273,392.9977261072158,291.00917541678194,330.0295654446397,108.88381640711326,108.94032484381373,108.88381640711326,334.5694580652017
229,150,180,0.9222222222222223,2269.8164126475663,4.575808885124664,314.9049567749671,0.060093632,0.3306220957504006,9.845693008438856,12.000000380266176,11.999999814186731,9.608356854297343e-07,600,1036.2868897018016,279.8687270453088,216.90555382046884,136.75622230225036,230.53901951869523,189.57087300845086,189.15137064953342,84.55460546367213,84.73403004482338,84.55460546367213,176.16877124930625
230,150,216,0.7833333333333333,1912.4256325638166,3.807926508065592,299.85882139386405,0.1165869639464176,0.4999999999600541,9.090871917792802,11.999999999718508,10.879401589577133,3.126684255049006e-07,600,752.0341776544802,240.13022792992666,206.1513219084855,114.11046423854268,210.36767978446449,159.9375910161089,175.78408305066986,102.87023451389408,103.22750423977197,102.87023451389408,127.84581020126163
231,150,252,0.684126984,2005.280967443428,2.983258324752153,456.5122344975462,0.13999999883973105,0.4891151787473803,7.2527716842061025,10.552721280466866,8.323614792061916,4.969852537331086e-05,600,800.6217489495523,270.52518395911335,214.18787152669015,119.9532127261781,276.48477778642894,190.68905364255002,240.91467680073674,175.74209506917404,176.33935817605936,175.74209506917404,136.10569732142386
232,150,288,0.6097222222222223,2254.6391983733242,2.8316310947083263,537.5803864126008,0.1400000019298552,0.49957748732914353,6.5862233836922215,8.555025451710275,7.450868081005401,0.000391272,600,977.1299936621552,315.6899719994023,226.05295272837992,135.7860605697072,342.3265606137669,264.7489028870989,302.6008746713831,219.32391909537563,220.3042505689537,219.32391909537563,166.1120989225664
233,150,324,0.5518518518518519,2583.3827894381693,2.700870136169153,632.8450619951833,0.14000000000002766,0.5000000000000833,5.947826739589993,7.107768616555105,6.639235136,4.573950177148554e-07,600,1207.7197935998124,376.9409979786149,241.7636824064154,156.9589917631799,434.3406260042222,365.50916317550985,389.10849468364415,276.2254223271714,277.7569226848376,276.2254223271714,205.3123649119681
234,150,360,0.5055555555555555,3023.2212929571847,2.6342021931277926,720.1140379473013,0.14000000026867673,0.5000000004285009,5.420600535185805,6.008058719341941,5.985809155508867,1.9075157939422183e-07,600,1516.1406566729613,459.0121637262703,262.2898044455478,185.77910486356944,557.7281102588306,506.6251698020466,505.06476474861387,339.8239734963399,342.10818425804365,339.8239734963399,257.7439116344034
235,150,396,0.4676767676767677,3622.510493489219,2.6261550943154512,793.5846351299002,0.14000004158759893,0.5000000365748686,4.980605686482482,5.163231385324577,5.451603640115294,4.491926684057313e-07,600,1935.6171894708789,571.3497037,289.6727329,225.8715376344726,727.3232858647743,707.2427003898076,664.4853024224278,409.6860727478772,412.9429604397678,409.6860727478772,329.0549222100494
236,150,432,0.4361111111111111,4496.9342252337965,2.6382747910190454,876.4344917,0.14002316802312012,0.4911530340081506,4.530834370113722,4.534682664446949,4.915531552,0.000472372,600,2537.314068003536,743.6527688,330.0968617387206,285.89226075752947,992.5179024191355,1000.6125442443289,914.8419001122832,503.91672151890646,508.4093575,503.91672151890646,431.3433915606011
237,150,468,0.4094017094017094,4999.999999999997,2.559768770803032,957.9650820578872,0.14729512031682343,0.5008985187788405,4.196169952863248,3.970937335941759,4.522977863928264,23524.19785421311,600,2994.222475,881.0923514316706,356.9001861342417,321.1609888121118,1191.5627956365918,1272.5988953889646,1105.4663875045883,595.1834158788424,601.4836824224171,595.1834158788424,509.0178207807581
238,150,504,0.38650793650793647,5000,2.410934887137556,1093.145922716057,0.14413780779278487,0.5005365231870423,3.969432199671513,3.3886436600729675,4.259996156791395,238069.47486050383,600,3248.468173413272,955.5981106,362.69636346563254,321.16098881211195,1259.6259990065507,1495.354378406329,1173.7099790639181,670.9363650795985,679.8918151922392,670.9363650795985,552.2395894802561
239,150,540,0.36666666666666664,1490.2352327051258,1.4184635135860735,1500,0.19447951417459927,0.6504067985063587,4.254414229842298,2.278651410176979,4.590917450080063,1088748.1830515198,600,1280.8605277805018,358.41169863286996,206.4587166698092,87.93525669716051,350.2797687756807,676.9320491068773,324.6051032085399,577.6978864289989,597.8983796,577.6978864289989,217.74628972268528
240,150,576,0.34930555555555554,1448.8908272221859,1.4168586498388713,1500,0.19197571996028734,0.6871956538204352,4.305544931739862,1.9172264548999995,4.650690328009316,1470791.3319642243,600,1378.8821279788033,393.28409916618267,204.07809474269993,85.40836652746506,336.5174095713575,790.5974798,311.5431742457834,562.9436196075671,588.8660735163961,562.9436196075671,234.40996175639654