,scenario,year,battery_energy_density,success,mission_range,cruise_speed,mission_time,Weight|takeoff,Wing|area,Wing|aspect_ratio,LiftRotor|radius,Propeller|radius,Propeller|Cruise|RPM,Aero|Cruise|CL,Propeller|Cruise|CT/sigma,Propeller|Cruise|J,LiftRotor|HoverClimb|T_to_P,Propeller|Cruise|T_to_P,LiftRotor|HoverDescent|T_to_P,LiftRotor|clearance_constraint,Weight|residual,Weight|payload,Weight|battery,Weight|propulsion,Weight|structure,Weight|equipment,Power|segment_1,Power|segment_3,Power|segment_5,DiskLoading|LiftRotor|segment_1,DiskLoading|Propeller|segment_3,DiskLoading|LiftRotor|segment_5,Energy|entire_mission,Aero|Cruise|f_total_non_hub_non_wing,Aero|Cruise|Cd0_wing,Aero|Cruise|f_total,Aero|Cruise|total_drag
0,conservative,2030,176.05442728293585,TRUE,96.56064,241.4016,0.4888888888888889,2989.418492734456,29.999999999999996,10.508350872646984,2.5,1.7098637840578228,392.1715853434289,0.4307008348645381,0.045218109,3.0000000406439216,7.068183245959933,1.453313311042473,8.079237522143048,3.552713678800501e-15,2.046151617458978e-05,600,1044.4886078433526,437.59243591632844,760.5057579464151,146.83621446910485,422.9401514799666,123.25745625967343,370.01245285105836,186.53442541926157,191.13937553223533,186.53442541926157,125.04305368704041,0.2729121403446563,0.009153409,0.7742526554831485,1755.589857208109
1,conservative,2031,180.75417127982496,TRUE,96.56064,241.4016,0.4888888888888889,2919.182170421985,29.999999999999993,10.508350872646988,2.5,1.6981848503708137,394.8686688187066,0.42058152813939464,0.045218786,3.0000000390389334,7.141351200147607,1.4533133110699126,8.175854154,0,2.225067630893726e-05,600,997.6286778515628,425.92921732248703,752.4981194999419,143.13087281024747,408.77168600273393,121.5812469613643,357.0491982073228,182.15180316079864,191.14223445417934,182.15180316079864,122.62137053883175,0.2729121403446563,0.009153409,0.7637233979601805,1731.715147085585
2,conservative,2032,185.5044988742252,TRUE,96.56064,241.4016,0.4888888888888889,2855.137529601194,29.999999999999996,10.50835087264699,2.5,1.6876929319181406,397.32345962555746,0.4113542886822376,0.045220286,3.000000024627255,7.210181724889503,1.4533133106971827,8.267043412167268,0,2.153125429134242e-05,600,954.8732829641962,415.36474676867306,745.1425880955428,139.7615519510424,395.9869027635291,120.08753983313358,345.3638002,178.15553087382227,191.1485791820911,178.15553087382227,120.45063709436842,0.2729121403446563,0.009153409,0.7543405438148045,1710.4398651054332
3,conservative,2033,190.30164614658935,TRUE,96.56064,241.4016,0.4888888888888889,2796.4526199240927,29.999999999999993,10.50835087264699,2.5,1.6782278919457836,399.56432779276304,0.4028992531449557,0.045221648,3.000000002109955,7.275114245976481,1.4533133099593483,8.353336985281473,0,1.931887620628701e-05,600,915.6751833540003,405.74399172833216,738.3556815936001,136.68215857251755,384.3860763383444,118.74792815953644,334.7707179599511,174.49369632840666,191.15433920769425,174.49369632840666,118.49305641493548,0.2729121403446563,0.009153409,0.7459256537667344,1691.359406661678
4,conservative,2034,195.14168483825276,TRUE,96.56064,241.4016,0.4888888888888889,2742.4426477653933,29.999999999999996,10.50835087264699,2.5,1.6696394366145528,401.6196459696395,0.3951177598022541,0.04522318,3.0000000025497267,7.336525023659711,1.4533133099008988,8.435191712512337,0,7.958920294496979e-05,600,879.5880581545305,396.9404064908902,732.0682208446418,133.85488355343128,373.8067598653632,117.53961654998022,325.11918415528044,171.12356961379007,191.1608137733241,171.12356961379007,116.71812102967984,0.2729121403446563,0.009153409,0.7383355370816885,1674.1490919499029
5,conservative,2035,200.0205339618983,TRUE,96.56064,241.4016,0.4888888888888889,2692.355835,29.999999999999996,10.50507777819495,2.4995621478850083,1.6619858394534044,403.46913732159567,0.38790149608331576,0.045215982,3.000000031831724,7.393840227048087,1.4533133103643352,8.511800504806123,3.7020591037162376e-09,5.648212153299494e-06,600,846.2677314332923,388.84465919406165,726.0069449412882,131.23887571215647,364.1349761433694,116.44594715624109,316.30861568757655,168.05710325665208,191.13038248340789,168.05710325665208,115.10422799088781,0.2729121403446563,0.009153409,0.7314655559170273,1658.571658
6,conservative,2036,204.9339725385272,TRUE,96.56064,241.4016,0.4888888888888889,2646.443795158472,29.999999999999996,10.508348870913066,2.5,1.6324096045200955,410.75149819900696,0.38128671337488745,0.046474736,3.0002027215937934,7.449817508346946,1.4532879243144305,8.58682075,1.6065465864301132e-06,4.248975265963984e-05,600,815.3861200318261,381.4147136004052,720.7904866660565,128.8459564437614,355.2360567481466,115.45211477793876,308.19832766851806,165.13341104098996,196.42466135204444,165.13341104098996,113.62821537701096,0.2729121403446563,0.009153409,0.7252100416163801,1644.3875063143364
7,conservative,2037,209.8776533858552,TRUE,96.56064,241.4016,0.4888888888888889,2598.5314342304346,29.937375669048766,10.442635228740796,2.4882697624373455,1.637100367939124,409.5844543351426,0.3751668866248118,0.045830534,3.0001303703117577,7.478220626639105,1.4533099800981937,8.624962202137155,2.5156598795206264e-06,1.3040885130687102e-05,600,786.8384430702662,374.3133400038553,711.0292837441112,126.35397862877387,347.4799105249557,114.51082971584067,301.28032718642544,163.67612892683613,193.7112945849717,163.67612892683613,112.29506809724975,0.2729121403446563,0.009153409,0.7193082956043101,1631.005510960193
8,conservative,2038,214.84711786979804,TRUE,96.56064,241.4016,0.4888888888888889,2555.7360265860043,29.55285281447111,10.420996486953872,2.4673490439768355,1.6332542886217218,410.53774652972726,0.3737892745973081,0.045616609920759485,3.0002123666750573,7.477320903569162,1.4533171828183684,8.623753213366518,1.0626083835063582e-07,2.2185023838985756e-05,600,760.0694855817701,368.34350384771665,703.1856534145214,124.13267364392507,341.7983606088206,113.43465760173365,296.36006079402904,163.72202459844533,192.79656711613404,163.72202459844533,111.04314208345588,0.2729121403446563,0.009153409,0.7125517718563488,1615.6853380451842
9,conservative,2039,219.83781151831423,TRUE,96.56064,241.4016,0.4888888888888889,2516.9770753386224,29.1024012,10.424853786342968,2.4466050483054915,1.6241798075255125,412.80231081119695,0.37381841186553966,0.045699543267604406,3.000424282798277,7.472174423830275,1.453322816696951,8.616838700212595,1.886638100501159e-05,5.1483177401845263e-05,600,734.8813705,362.9656416986116,697.0126281843445,122.12461015004078,336.84667040312576,112.36529169414233,292.09982487852807,163.98488487413238,193.11979870905142,163.98488487413238,109.85720430461568,0.2729121403446563,0.009153409,0.7058371732766558,1600.460228930929
10,conservative,2040,224.8451003855669,TRUE,96.56064,241.4016,0.4888888888888889,2479.6132482287962,28.708722524476762,10.40751678370983,2.425609064110688,1.6059798947480541,419.4924236725174,0.37331920459638335,0.045892515,2.9860334784723603,7.464860463,1.4528297753645694,8.607014977443537,1.5245425725396444e-05,3.497961424059813e-05,600,711.5484705877083,357.8634058,690.0150741,120.1922120997798,332.1714130652621,111.42882107040346,288.09212656503274,164.35943084293504,195.80906695051576,164.35943084293504,108.79196736297308,0.2729121403446563,0.009153409,0.699717151,1586.5833002159602
11,conservative,2041,229.86428804438393,TRUE,96.56064,241.4016,0.4888888888888889,2437.739991611257,28.268125078299327,10.308151301337878,2.3915282852165833,1.6184513103592018,414.3220093493157,0.37273538982926374,0.045216693014038266,3.0000000047331006,7.428819136597561,1.453313309603308,8.558655715632819,1.0091930846556352e-08,6.599007447721148e-05,600,689.2933401598781,352.65705431400795,677.7671415818905,118.03057898298871,328.1463644204098,110.42714834726432,284.8274393323944,166.22204952705425,191.13339291404404,166.22204952705425,107.7418675649183,0.2729121403446563,0.009153409,0.6936579364457292,1572.844250480629
12,conservative,2042,234.89063307652265,TRUE,96.56064,241.4016,0.4888888888888889,2404.181535,27.907043889734158,10.29090344858559,2.3719632513262177,1.6119499817249068,415.99305620216865,0.372360559,0.045219206,3.0000000029403453,7.4206276226930274,1.4533133098983528,8.547676031459472,7.800828427662054e-09,4.722890479223872e-05,600,668.3998553986015,348.07432006157956,671.4129818035381,116.30125050121141,323.9862795545461,109.54784456199793,281.2672739,166.64935579576684,191.14401445512323,166.64935579576684,106.76058832432692,0.2729121403446563,0.009153409,0.6881345117906632,1560.3200851028091
13,conservative,2043,239.91936692347736,TRUE,96.56064,241.4016,0.4888888888888889,2380.715776799836,27.756236166250385,10.37552530636955,2.3756850688483184,1.5517553671873667,435.73204784928544,0.3707295700153581,0.04768093,2.9751998180459425,7.462001747937027,1.4523337841844948,8.603176226902598,1.1732201560477051e-05,9.810620698357751e-05,600,648.9716352048904,344.0493207198701,672.6110742031549,115.09365152966737,319.04519152089694,108.91107920537827,276.7252133409995,164.50613843079955,204.9239542656352,164.50613843079955,105.87658743136282,0.2729121403446563,0.009153409,0.6836735104487361,1550.204926112503
14,conservative,2044,244.94571195561613,TRUE,96.56064,241.4016,0.4888888888888889,2342.705022109522,27.24645887,10.258373813855178,2.3358222947993625,1.6002602544440137,419.03179120294885,0.3716360141538925,0.045207695,3.0000003542834985,7.405317461802138,1.4533133178736193,8.527166066664712,9.563905223330949e-12,6.581592533544236e-05,600,630.1644594084676,339.6749116612327,659.7333523309666,113.14041141033701,316.3544350655573,107.93723348707546,274.7343025566101,167.4519865719218,191.09531362639834,167.4519865719218,104.96213586807447,0.2729121403446563,0.009153409,0.6780173190466057,1537.379716943783
15,conservative,2045,249.96489961443308,TRUE,96.56064,241.4016,0.4888888888888889,2314.533614707339,26.944230554197837,10.242931752997425,2.3191181435966373,1.5947981517311918,420.4669643729595,0.37128547375527093,0.045206782,3.0000002789637845,7.398137878731695,1.4533133148010524,8.517553168539516,2.6119373330857343e-10,3.883464141001297e-05,600,612.6619643949376,335.8246402726167,654.3581493661143,111.69509241832262,312.8535386399331,107.19949670237278,271.7369142180778,167.83017199860964,191.091465,167.83017199860964,104.13791077074212,0.2729121403446563,0.009153409,0.6733831584846591,1526.871925692941
16,conservative,2046,254.9721884816858,TRUE,96.56064,241.4016,0.4888888888888889,2287.945424403222,26.65859597985678,10.228445368724755,2.3032879489568083,1.5893448837201545,421.90966986812515,0.37095278801204046,0.045221544,3.000000110965626,7.391317431846734,1.4533133136164542,8.508424134608138,2.1444712672291644e-10,1.66475886899466e-05,600,596.1377971114817,332.1886163512454,649.2902728388319,110.33281824733344,309.54500946546074,106.50240963481832,268.9035464389899,168.19050882513926,191.1538845146864,168.19050882513926,103.35901996099268,0.2729121403446563,0.009153409,0.6690043436190589,1516.9431215613715
17,conservative,2047,259.96288213020193,TRUE,96.56064,241.4016,0.4888888888888889,2262.8093719051703,26.38805486385804,10.214578111197989,2.2882235308798595,1.5844190627361876,423.2213657517588,0.3706387666146957,0.04522141,3.0000000015464794,7.384718324502382,1.4533133099428737,8.499594148029283,3.197442310920451e-14,2.3457923760556393e-05,600,580.5263896802566,328.75121930647634,644.4900255345783,109.04658072193942,306.417831,105.84296656997371,266.22557883305825,168.5401470158966,191.15333317586214,168.5401470158966,102.62241312146574,0.2729121403446563,0.009153409,0.6648619917675832,1507.5504887509614
18,conservative,2048,264.9323466141448,TRUE,96.56064,241.4016,0.4888888888888889,2239.0402001236116,26.133223857837574,10.20139933843595,2.2739720853688272,1.5797238767544106,424.47924582817313,0.37032169359680756,0.045222726,3.000000001,7.378572259208084,1.4533133098741444,8.491372822998684,2.386386199759727e-09,8.455792928496159e-05,600,565.7673965059482,325.4973261412154,639.9529142497062,107.83175876529515,303.4516870563141,105.21965851184582,263.6841234975838,168.8666652684024,191.1588955388736,168.8666652684024,101.9252571159854,0.2729121403446563,0.009153409,0.6609466268288455,1498.672540544989
19,conservative,2049,269.8760274614728,TRUE,96.56064,241.4016,0.4888888888888889,2216.552779532922,25.890765584336414,10.188591165350724,2.260335677937528,1.5752889453049799,425.6742878236816,0.37003553837894443,0.045222589,3.0000000004061564,7.372430327,1.4533133098689401,8.483159399937573,2.6214763693133136e-10,1.3175445381838882e-05,600,551.8114021760499,322.4220754416657,635.6391615906043,106.68377012423619,300.65428648105546,104.62938073727533,261.28859249647405,169.1938180975435,191.1583149533986,169.1938180975435,101.26605500650786,0.2729121403446563,0.009153409,0.6572387445779435,1490.2650518198216
20,conservative,2050,274.7894660381017,TRUE,96.56064,241.4016,0.4888888888888889,2195.2394322856967,25.661491770560186,10.176266244288712,2.247375123546532,1.5710744821601477,426.8161742714814,0.3697517577527568,0.04522254,3.000000000129103,7.3665991762165675,1.4533133098622604,8.475363770566013,3.511679835810355e-11,6.777127065680902e-05,600,538.6000787825892,319.5059717,631.5447007618578,105.59691339609222,297.9990331730192,104.07017601326973,259.01418413561396,169.50520978010346,191.1581104334132,169.50520978010346,100.6411070785881,0.2729121403446563,0.009153409,0.6537260504523352,1482.3001451001355
21,conservative,2051,279.6683151617472,TRUE,96.56064,241.4016,0.4888888888888889,2175.074625915875,25.44450187856585,10.164637705342438,2.2350783422378404,1.5670351813741055,427.9163640621732,0.3694795962322211,0.045224729,3.0000000126560695,7.361068371800253,1.4533133100650868,8.467971646102091,1.730651177922482e-10,3.794448511313225e-05,600,526.0920545942126,316.7455187768078,627.6735102299522,104.56970222440768,295.4835515790665,103.54073715290677,256.8589878211376,169.80127844111325,191.16736246045076,169.80127844111325,100.04926939927485,0.2729121403446563,0.009153409,0.650400333,1474.759201977123
22,conservative,2052,284.50835385341065,TRUE,96.56064,241.4016,0.4888888888888889,2155.966465,25.23863753811945,10.153567007629151,2.2233751763297693,1.563222871559886,428.9599458473425,0.36922095916190695,0.045225243,3.000000007463959,7.355760193,1.4533133098102746,8.460878875052803,2.3492319201068312e-11,2.106176587044456e-05,600,514.2418101,314.1292367,624.0027186769681,103.5972884149337,293.0990690306258,103.03872809312003,254.8158999041119,170.08608724619657,191.16953213384934,170.08608724619657,99.48814179,0.2729121403446563,0.009153409,0.6472469187421107,1467.608948585107
23,conservative,2053,289.3055011257748,TRUE,96.56064,241.4016,0.4888888888888889,2137.841589908464,25.04321647548703,10.142962620248898,2.2122245775691023,1.5596022535701395,429.95577598834967,0.3689739160705163,0.045225423,3.000000012674802,7.350653594552663,1.453313309954271,8.454057124297822,1.1293010970803152e-10,3.8328458112352526e-05,600,503.0085653831358,311.6473659111573,620.5160580063813,102.67579160594099,290.83693883939117,102.56238959290208,252.87758983365381,170.36068984368683,191.1702958005785,170.36068984368683,98.95573865,0.2729121403446563,0.009153409,0.6442547562254274,1460.8243284379155
24,conservative,2054,294.05582872017504,TRUE,96.56064,241.4016,0.4888888888888889,2120.6487367865434,24.857792684990713,10.132777454414335,2.201602498809516,1.5561775911749862,430.90197608156154,0.36873675380774884,0.045224551,3.0000000037081875,7.345744893859152,1.4533133097899669,8.447501281,1.1880274541908875e-11,4.241990538440534e-05,600,492.3566823063983,309.29294697624437,617.2031469787612,101.80247358167108,288.6907682513382,102.11049009215628,251.03858126898686,170.62521573654183,191.16660856897158,170.62521573654183,98.45063952423625,0.2729121403446563,0.009153409,0.6414161093170986,1454.3877993731912
25,conservative,2055,298.7555727170641,TRUE,96.56064,241.4016,0.4888888888888889,2103.6053646483383,24.669807090294515,10.111757083664338,2.1894848759963224,1.549100379016756,432.85840061538534,0.36856048247430695,0.045446932572461636,3.0000845028549437,7.336358900477876,1.4533150796636074,8.434969968,2.6492875448980158e-08,5.9403333738539165e-05,600,482.27018550807765,307.03407828444506,613.3712938230672,100.93751438856854,286.7369758193419,101.67553976365534,249.39097265230964,171.1325669633586,192.09580659975487,171.1325669633586,97.97501572356474,0.2729121403446563,0.009153409,0.6386847080137809,1448.1944458339938
26,conservative,2056,303.4011439587491,TRUE,96.56064,241.4016,0.4888888888888889,2088.838081746078,24.515682444392674,10.113486412210744,2.181874107922392,1.5498599074390245,432.65845950344385,0.36827398468439393,0.045220940739024974,3.0000000000057336,7.3366133278905314,1.4533133098889395,8.435309583375345,8.243656424156143e-09,2.0296201780629088e-05,600,472.66120984725796,304.9348259925062,611.0578639842035,100.18868705271655,284.71421191099813,101.27500315406569,247.6302809161677,171.11878725418464,191.15134887841404,171.11878725418464,97.51604720535741,0.2729121403446563,0.009153409,0.6361679239807256,1442.4877291828795
27,conservative,2057,307.98913723739133,TRUE,96.56064,241.4016,0.4888888888888889,2074.147124000931,24.356155971245713,10.104948649713593,2.1727001862406263,1.546868888692002,433.4950457144022,0.3680790197613529,0.045222307,3.0000000017102453,7.332288696,1.4533133099266013,8.429537521974892,9.710809933949349e-11,3.110666505450206e-05,600,463.5539379462174,302.92163847357597,608.232822,99.4443029,282.87854038621066,100.88753444289543,246.05704863331516,171.35321205080706,191.15712420148355,171.35321205080706,97.08331264,0.2729121403446563,0.009153409,0.6337340048866482,1436.968905779993
28,conservative,2058,312.51633921558044,TRUE,96.56064,241.4016,0.4888888888888889,2060.1731325504147,24.204959971427858,10.096517601543713,2.1639451083182273,1.544018468799527,434.2953222421315,0.3678829004367653,0.045223887,3.0000000069117165,7.328135304237582,1.4533133099800388,8.423995116199517,2.6180444478995923e-09,5.6180961294323705e-05,600,454.9037188832769,301.0068127250513,605.5333169607309,98.73677938,281.1319724622299,100.5195767,244.56010528646425,171.57876333387466,191.1638017600769,171.57876333387466,96.67209454624954,0.2729121403446563,0.009153409,0.6314226459779777,1431.7279831590724
29,conservative,2059,316.97973506097327,TRUE,96.56064,241.4016,0.4888888888888889,2046.8874306735722,24.061537179530138,10.088275652923418,2.1555935215377255,1.5412139244444314,435.0856063951212,0.3676891729552403,0.045230827,3.0000000228099952,7.324145871014323,1.4533133087290302,8.418672517844495,1.4832419736876545e-09,4.6268907074999434e-05,600,446.68552312571336,299.1863741325806,602.9577475307502,98.06458800971615,279.4711447206742,100.17011200203711,243.13660215846647,171.79578888873382,191.1931375512012,171.79578888873382,96.28137596765339,0.2729121403446563,0.009153409,0.629227452,1426.7504594265695
30,conservative,2060,321.3765137903132,TRUE,96.56064,241.4016,0.4888888888888889,2034.2636928694974,23.92530691007958,10.080552972756202,2.1476585735074956,1.538714635,435.7923034611657,0.36750223274415644,0.045227347,3.000000022585428,7.320393746120861,1.453313309871472,8.413667439,3.8526124512827664e-09,5.9805937293762624e-05,600,438.87346415149415,297.4552776027832,600.5163579499721,97.42632659510117,277.88992824975725,99.83781411484084,241.78085332024912,172.0002436730557,191.17842725848146,172.0002436730557,95.90966425477792,0.2729121403446563,0.009153409,0.6271400934229323,1422.0174503306032
31,conservative,2061,325.7040723,TRUE,96.56064,241.4016,0.4888888888888889,2022.1170819524766,23.79629194195316,10.070567119831884,2.1398049686157585,1.5364464157346827,436.4356563166261,0.3672884412525854,0.045217794,3.000000000686766,7.316174264313219,1.4533133096560575,8.408039988789435,4.6552004917543854e-08,4.969659978137666e-06,600,431.4512306332325,295.80038893155245,598.0550986130875,96.81259304802352,276.38995585656625,99.52266428277942,240.49803338811373,172.23055814846097,191.1380477270555,172.23055814846097,95.55728752415231,0.2729121403446563,0.009153409,0.6251604516797231,1417.5286843694262
32,conservative,2062,329.9600183,TRUE,96.56064,241.4016,0.4888888888888889,2012.827859213878,23.70375554582355,10.097731344106318,2.1383316867693116,1.5318442387602986,437.74684758832086,0.3670284474996577,0.045359354,3.0000000603362045,7.326352838203619,1.4533129094464035,8.421616873,2.724895864503196e-10,1.0811961740382327e-05,600,424.33828475478055,294.31327835327454,597.8360808117293,96.34350344885581,274.73804547303405,99.2370771,239.00729391123042,171.67568382332104,191.7364220425773,171.67568382332104,95.20997438503063,0.2729121403446563,0.009153409,0.6233663387819375,1413.460598
33,conservative,2063,334.14217169275435,TRUE,96.56064,241.4016,0.4888888888888889,2001.7630856506687,23.575031549867678,10.088262408449964,2.1305264467150793,1.5284324550652417,438.7186640065331,0.36700387108590987,0.045428722855741316,3.000036486170082,7.320669361338502,1.4533136298098706,8.414035060626015,4.585627127795533e-06,3.3986016953529013e-06,600,417.6225253521584,292.82976536540326,595.5275825048604,95.78505595793042,273.43989829977363,98.94415755493101,237.90762353939314,171.9852140974158,192.02498419694072,171.9852140974158,94.89080234690815,0.2729121403446563,0.009153409,0.6215266472243317,1409.2891643628957
34,conservative,2064,338.248565,TRUE,96.56064,241.4016,0.4888888888888889,1988.5667290328483,23.401947237351916,10.036680553065207,2.115318088526397,1.5300966385558583,438.2468216,0.3672809681947025,0.045189017663826984,3.0000000510610603,7.296372965659014,1.453313289528628,8.381646196769578,3.637184953220185e-08,4.939074471300632e-05,600,411.2910195131676,291.3390793650367,590.8241981803827,95.11945982917679,272.5418147334577,98.63894051520123,237.25252561952254,173.31697358782353,191.01640182084896,173.31697358782353,94.60064607001407,0.2729121403446563,0.009153409,0.6196092537922616,1404.9415441929407
35,conservative,2065,342.2774428722358,TRUE,96.56064,241.4016,0.4888888888888889,1979.787860877056,23.338211643250013,10.046686852451977,2.1132190882029978,1.527483859680069,438.99645233357916,0.3666581430785028,0.045235597,3.0000000205961297,7.304047838,1.4533133062453618,8.391873377250443,2.0746693252249315e-09,8.389629208809934e-05,600,405.17670659783744,289.9798266704665,589.9635523970494,94.67693470361463,271.0535178229482,98.40368687310033,235.91727042069883,172.8947880305557,191.21330091957307,172.8947880305557,94.30433599107732,0.2729121403446563,0.009153409,0.6181314942832454,1401.5907780224293
36,conservative,2066,346.22725984103323,TRUE,96.56064,241.4016,0.4888888888888889,1970.4040100859138,23.235563,10.040682744831749,2.107158448896619,1.5257590358211646,439.49272430820946,0.36653236941132883,0.045223725,3.0000000210678666,7.300921953424879,1.4533133104725038,8.387707523995799,2.7622881759725715e-10,6.909039842957161e-05,600,399.38040478450563,288.69500890290925,588.1327624487286,94.20414601319833,269.8842725145956,98.15580965374754,234.91567921853792,173.06657112498078,191.16311470881635,173.06657112498078,94.02794056,0.2729121403446563,0.009153409,0.6165744333194689,1398.0601986751037
37,conservative,2067,350.09667786430396,TRUE,96.56064,241.4016,0.4888888888888889,1961.4699024713484,23.139178704288522,10.034927064708056,2.101445461007048,1.5239558174795411,440.01275538571707,0.366390294,0.045222164,3.0000000074478086,7.298136048173742,1.4533133101250477,8.383995273871072,4.32202185152164e-09,4.856982549949141e-05,600,393.86023209123385,287.46901346689043,586.3933855749459,93.75424054379243,268.7631320550923,97.92055638498128,233.95408017276893,173.21986525607298,191.15651738144325,173.21986525607298,93.76462798264318,0.2729121403446563,0.009153409,0.6150966688771784,1394.7094213185712
38,conservative,2068,353.88456240366537,TRUE,96.56064,241.4016,0.4888888888888889,1954.2899238673583,23.084702077008355,10.050479873737252,2.1004705065061353,1.520601527713527,440.9819592846032,0.365910583,0.045327863,3.000009659201322,7.3067578762278105,1.4533133943980212,8.395485527122934,4.517598437558945e-07,6.212683420848654e-05,600,388.5733681,286.3192602,586.0123492924706,93.39282836165215,267.4633478995585,97.71720824,232.77866629079614,172.74604439100318,191.6020804607949,172.74604439100318,93.50687910150563,0.2729121403446563,0.009153409,0.6138193550570793,1391.8131584886576
39,conservative,2069,357.5899778540019,TRUE,96.56064,241.4016,0.4888888888888889,1945.023204057824,22.966441997828447,10.026951989530115,2.091467719383416,1.5198715355076946,441.19508477696075,0.36605076568770295,0.045263991,3.000000666793245,7.294680821,1.4533132949486702,8.379391817602224,3.778914425822677e-08,4.940588764286696e-05,600,383.58697036948536,285.18655322715756,583.3301223260587,92.92658707,266.6358202306814,97.48643745,232.11985385049044,173.41024401669694,191.3332381715158,173.41024401669694,93.27346224,0.2729121403446563,0.009153409,0.6123697058691151,1388.526131453133
40,conservative,2070,361.21218216657013,TRUE,96.56064,241.4016,0.4888888888888889,1937.1190430933445,22.87617218415074,10.019316698313188,2.0858279186165505,1.5190612305323867,441.4305259582317,0.36600178658847493,0.045215747,3.0000000091415973,7.290504180947602,1.453313309548369,8.373828205,2.9315216920622333e-11,5.6103124333488026e-05,600,378.81535933118994,284.1259789,581.6561073196834,92.52908773198386,265.70440054827077,97.27876675227354,231.33016294755262,173.64074981361992,191.12939532436533,173.64074981361992,93.04625135591812,0.2729121403446563,0.009153409,0.61106521,1385.5682344817712
41,nominal,2030,312.9344482485471,TRUE,96.56064,241.4016,0.4888888888888889,2058.906285919192,24.191504692145998,10.095665795721947,2.1631526586599557,1.5437580292821649,434.3685907707764,0.36786117110090505,0.045224249478867454,3.000000001474745,7.327764604779907,1.4533133097547184,8.423500496627215,3.384510449677691e-10,4.2048009142185626e-05,600,454.1214823719637,300.8332214465832,605.2854037,98.67266281366152,280.97331136649314,100.48647496212327,244.42407129240183,171.59891379417334,191.16533491248487,171.59891379417334,96.63497375624027,0.2729121403446563,0.009153409,0.6312147140755223,1431.256505100385
42,nominal,2031,322.66674649083257,TRUE,96.56064,241.4016,0.4888888888888889,2030.866258965401,23.882445583288405,10.082122351567813,2.1456462868347614,1.5415636551373915,434.98675183934546,0.3675469125126519,0.045016137449731236,3.000001041957221,7.319752523590518,1.4533124487173836,8.412812179531912,8.955288066658795e-09,1.8803548954605293e-05,600,436.6284376262909,296.9794918398468,600.0080418228673,97.25462398230704,277.4501258642569,99.73989205438848,241.40159266914696,172.03521705673634,190.28550217960728,172.03521705673634,95.80212462809048,0.2729121403446563,0.009153409,0.6265246160617427,1420.6218777032527
43,nominal,2032,332.3954606822468,TRUE,96.56064,241.4016,0.4888888888888889,2004.4703333064044,23.604358965634848,10.062140444963255,2.1288786829037316,1.5327070181701963,437.5004414785716,0.3670436152703012,0.045224577,3.0000000129439606,7.311530558707973,1.4533133100965792,8.401848045269556,9.956657720522344e-11,9.387345722547798e-05,600,420.4414407920378,293.3673423,594.7495768425783,95.92166217032303,274.1519463279952,99.05367382595847,238.5749328607496,172.48451057718236,191.1667184744922,172.48451057718236,95.03192195334435,0.2729121403446563,0.009153409,0.6222144466751108,1410.8487247092887
44,nominal,2033,342.1027074770989,TRUE,96.56064,241.4016,0.4888888888888889,1980.2041950534883,23.34278502902932,10.046844908210618,2.1134757034955647,1.5276032416268408,438.9620928043745,0.36666339664116465,0.045233665,3.000000376166544,7.304150413548841,1.4533133192808918,8.392010089386433,1.7261031715065656e-08,6.97831867066268e-05,600,405.4373702670379,290.0374283311559,590.0398335575251,94.69791653091342,271.1067109708347,98.41484043584576,235.96303793269956,172.88915490500156,191.20508690332323,172.88915490500156,94.31683101490913,0.2729121403446563,0.009153409,0.618201562,1401.7496538574233
45,nominal,2034,351.7707611,TRUE,96.56064,241.4016,0.4888888888888889,1959.2712231278513,23.126716424669027,10.05828901488122,2.1036019197353166,1.518848697324624,441.53224678397845,0.3661768093495439,0.04547905,2.9997285595717647,7.308123932286512,1.4533027823021771,8.397306486904519,1.1416052405621713e-06,8.41519706758536e-05,600,391.48742430328576,286.9992374001707,587.1501823031452,93.64355255957314,268.0949641,97.83628036917865,233.32139016044098,172.6711323955619,192.27718275757883,172.6711323955619,93.64540386,0.2729121403446563,0.009153409,0.6145628296670345,1393.4989602422397
46,nominal,2035,361.38218207552205,TRUE,96.56064,241.4016,0.4888888888888889,1936.7643228899465,22.87210602,10.019059704268653,2.085584132553089,1.5188882519585816,441.48079961417557,0.36599982052437297,0.045221656,3.0000000000033467,7.290345016,1.453313309888482,8.373616206294395,1.382538528105215e-11,2.1082799656299476e-05,600,378.59490839731365,284.0779038525569,581.5848493,92.51125293355842,265.6615453,97.26932221583212,231.29365798185174,173.6495421994071,191.15437091579378,173.6495421994071,93.03586880112644,0.2729121403446563,0.009153409,0.6110058835239301,1385.433713675442
47,nominal,2036,370.91994161589054,TRUE,96.56064,241.4016,0.4888888888888889,1917.297079941082,22.66213594053057,10.006227482642261,2.0730287159963137,1.514735840394498,442.69103110968973,0.3656779907465951,0.045230230750799016,3.000000129549743,7.284141183104641,1.4533133125475919,8.365354281969037,8.948504159889126e-10,7.01898013564138e-05,600,366.5833673294427,281.4050809652232,577.7840069129768,91.53300266882685,263.21525513374155,96.75654516107629,229.19496476959594,173.99271663024206,191.19060174614864,173.99271663024206,92.46169522089154,0.2729121403446563,0.009153409,0.6077848300397939,1378.1300915487013
48,nominal,2037,380.3675396150067,TRUE,96.56064,241.4016,0.4888888888888889,1901.8507894739275,22.614905630815784,10.032099744052266,2.073620813121558,1.4927411308468628,449.43525984556044,0.3634895358540353,0.046341205,2.998522122349524,7.311385832802162,1.4532383744611377,8.401655088573417,4.3470919681709574e-06,2.4521661593885993e-05,600,355.3901786161072,278.84195602427513,576.8561452461287,90.75755765228023,260.1217926349025,96.37502312671154,226.3662063514747,172.49243340265693,196.07990691395085,172.49243340265693,91.92164373361157,0.2729121403446563,0.009153409,0.6053570494964837,1372.6251870873757
49,nominal,2038,389.7091147487687,TRUE,96.56064,241.4016,0.4888888888888889,1885.098481207594,22.404087044769103,10.024931025733036,2.0616305581488743,1.497183180963963,447.82677781397473,0.36367801147138545,0.045901363374823395,3.0003636816616535,7.302723165816298,1.4533159498016788,8.390107917610045,4.737271821042555e-06,9.135826777970781e-06,600,344.97117640794824,276.5758645028389,573.6311188764554,89.91729886732838,258.1363743913573,95.90630747533046,224.68107677744527,172.96755726969084,193.9804977,172.96755726969084,91.41812000481232,0.2729121403446563,0.009153409,0.6024450797435332,1366.0224011278149
50,nominal,2039,398.9295450753591,TRUE,96.56064,241.4016,0.4888888888888889,1866.6739213470396,22.112642737926812,9.973037510197646,2.040035975547133,1.504377916728028,445.7390605232942,0.3648699207713099,0.045221561,3.000000003246503,7.267419769588958,1.4533133099986932,8.343097559134172,1.553210893234791e-10,2.3070756285166404e-05,600,335.33151300230674,274.4532921498504,567.8998480566971,88.99407134089648,256.8551123410087,95.41952037529131,223.73871432240074,174.92226898160914,191.1539687766454,174.92226898160914,90.96608059338062,0.2729121403446563,0.009153409,0.5993861890739717,1359.0864773104922
51,nominal,2040,408.0145379210378,TRUE,96.56064,241.4016,0.4888888888888889,1852.0325939031122,21.954067411598952,9.963110102725198,2.0304236028145555,1.5011817588392133,446.68807637015766,0.36462285199830013,0.045230399498846975,3.0000000351742213,7.262493890248115,1.4533133093133577,8.336544377644941,7.959588543826612e-10,2.8949411418172825e-05,600,326.3057363212634,272.4418942875074,565.0292464718026,88.26109728826385,255.01330836091617,95.03306923205707,222.15830804781348,175.1973824730697,191.19132708234926,175.1973824730697,90.53348927,0.2729121403446563,0.009153409,0.5969586616251161,1353.5821467316769
52,nominal,2041,416.95070805300065,TRUE,96.56064,241.4016,0.4888888888888889,1838.3963997724597,21.80611362,9.954301892976144,2.02148784,1.498599939057318,447.4575723640813,0.3643939365110886,0.045214087655131734,3.0000004891037495,7.2580101837004305,1.4533133252110395,8.330580755590649,6.11132477956744e-10,9.903916551645444e-05,600,317.88717566056414,270.5658243287619,562.3743643438519,87.57898728159954,253.29206672939247,94.67227899695757,220.6804607876483,175.44830974443974,191.1223182058095,175.44830974443974,90.12943242139578,0.2729121403446563,0.009153409,0.5946923322368849,1348.4433269176347
53,nominal,2042,425.7256434,TRUE,96.56064,241.4016,0.4888888888888889,1825.6566322107785,21.667941220693322,9.945644473026336,2.0130740780107446,1.4959705224366762,448.2440569260114,0.3641763190619956,0.045211837,3.0000004651989784,7.253664859079319,1.453313323614481,8.324802382535626,4.3235459656898456e-10,8.740288642217708e-05,600,310.03320978081393,268.81469186852956,559.8758842859085,86.94219522661342,251.6874804224829,94.33565497,219.30329974448082,175.6919570018879,191.11280667352173,175.6919570018879,89.75257964676697,0.2729121403446563,0.009153409,0.5925777978701738,1343.6486968177232
54,nominal,2043,434.32795802938244,TRUE,96.56064,241.4016,0.4888888888888889,1813.751068472931,21.538671794291478,9.937324921474481,2.005160861487034,1.4932060028618004,449.07397812260774,0.3639728709243763,0.045228109242923434,3.0000001795736213,7.249487623767521,1.4533133149360395,8.319248638756894,1.1281979794830477e-09,5.959348220681098e-05,600,302.7011621507715,267.17916836864663,557.5309391590255,86.34751847597076,250.19024275957503,94.02116284025041,218.01861528975186,175.92661131968336,191.18162764325592,175.92661131968336,89.40067280204458,0.2729121403446563,0.009153409,0.5906022840706817,1339.1692908194336
55,nominal,2044,442.74733177469426,TRUE,96.56064,241.4016,0.4888888888888889,1802.6276843613618,21.417888722418972,9.929464416033518,1.9977430513486067,1.4908009233805408,449.7984817524372,0.36378067988241075,0.045232352,3.0000000360965524,7.245543677291518,1.453313308509876,8.314006052916172,8.418155061917787e-10,2.63061606239964e-05,600,295.85282081804075,265.6510382188451,555.3366769097725,85.79227736787394,248.7912246,93.72733165794399,216.81818282163542,176.1485503338094,191.19958089255462,176.1485503338094,89.07187197,0.2729121403446563,0.009153409,0.5887565548015831,1334.9841665437411
56,nominal,2045,450.9745373500204,TRUE,96.56064,241.4016,0.4888888888888889,1792.2464902423842,21.30463768358634,9.922492655,1.990821730350329,1.4887405962069813,450.4209802771176,0.3636083411404237,0.045224517,3.000000005718106,7.2418989384608246,1.4533133098621847,8.309162054341027,1.9308075138724234e-09,3.764960090744885e-05,600,289.4520781241654,264.22341342489017,553.3027306172106,85.27440400317981,247.48294687239917,93.45225347210453,215.69521433344116,176.35398910971412,191.1664631371197,176.35398910971412,88.76415157159225,0.2729121403446563,0.009153409,0.5870286273023746,1331.066153515154
57,nominal,2046,459.0014545557154,TRUE,96.56064,241.4016,0.4888888888888889,1783.9306988599176,21.184845497874498,9.942001198128224,1.98659635,1.4795338959948876,453.15322821002053,0.3639677715701795,0.045671883,3.000467318595635,7.243153589426211,1.4533248117672575,8.310829441,1.553352925398599e-06,1.3643691251222742e-05,600,283.4451640423619,262.99904804495304,552.6303921220403,84.85978839,246.2919883,93.18324193143906,214.65134275152766,176.28323305123925,192.9973757569008,176.28323305123925,88.46918496,0.2729121403446563,0.009153409,0.5853434399514093,1327.2450522248987
58,nominal,2047,466.82107257661187,TRUE,96.56064,241.4016,0.4888888888888889,1773.3377783388696,21.10040681330233,9.907344015,1.978011544915136,1.4849270450476544,451.57773917317866,0.3632544047685848,0.045215331,3.000000009664779,7.2346974088060065,1.4533133094646138,8.299593366157916,1.0388875537614695e-08,5.8413578384973644e-06,600,277.8744095,261.6312749956892,549.5025840312084,84.33192672463623,245.1156804679045,92.95520905,213.66562192911277,176.7608642448499,191.12763540815695,176.7608642448499,88.20798831422293,0.2729121403446563,0.009153409,0.583906398,1323.9866127045316
59,nominal,2048,474.4274809708786,TRUE,96.56064,241.4016,0.4888888888888889,1764.923237,21.008573768013594,9.903230633889509,1.972550197383856,1.4830738223467448,452.1420198235675,0.36311108118782703,0.045218634364886705,3.000000028707427,7.232281941710013,1.4533133107064247,8.296384649925091,2.0645103404604015e-09,8.587783798148279e-05,600,272.6354305440628,260.4646795990745,547.9195454486559,83.91284842,244.03407544283994,92.73010617,212.73401746182122,176.89761902635522,191.14159605348314,176.89761902635522,87.95510356477286,0.2729121403446563,0.009153409,0.5824923952443758,1320.7804116005905
60,nominal,2049,481.8158502698516,TRUE,96.56064,241.4016,0.4888888888888889,1758.025379040841,20.941982773386336,9.916009000413611,1.9703984640440801,1.4799618586692977,453.0922146367741,0.3628420348508355,0.045311384,3.000003596450139,7.237695823882869,1.453313259310613,8.303576976034675,1.38135762384195e-07,7.837319480380498e-06,600,267.7204214848516,259.40261240234514,547.3356843859702,83.56946028896894,242.8984889417055,92.53054840898318,211.71904398727884,176.59130420563193,191.53319992480004,176.59130420563193,87.71452090838223,0.2729121403446563,0.009153409,0.581238835,1317.9380089111676
61,nominal,2050,488.98240320715314,TRUE,96.56064,241.4016,0.4888888888888889,1749.7087120207586,20.781634023328525,9.898912745,1.9596879975003272,1.4821239036266105,452.3662280903941,0.3639119469759962,0.045072167,3.0004349241472084,7.218470917830439,1.4533274158476195,8.278044972454051,9.848049030480865e-06,1.8873544851236312e-07,600,263.14293325397716,258.45983292389445,544.9507551324689,83.15562515,242.39326194399155,92.2837249,211.36738418830458,177.6823064826228,190.46724379226077,177.6823064826228,87.49713944486629,0.2729121403446563,0.009153409,0.5796940378226613,1314.4352374877044
62,nominal,2051,495.92437767983176,TRUE,96.56064,241.4016,0.4888888888888889,1744.3135170585356,20.767189571820435,9.919820306308166,1.9612948783706035,1.4617628852631257,458.7169937,0.3630421666582397,0.046252148253062925,3.0001097203182803,7.233223504445625,1.4532950785534215,8.297635382648798,1.0443640842794366e-05,6.467848211216369e-05,600,258.8299196689936,257.49508601968387,545.0931996367898,82.88726943973168,241.15299575444612,92.13767240500347,210.21814488330892,176.8442942,195.4960183232199,176.8442942,87.28484544900124,0.2729121403446563,0.009153409,0.5787637091348549,1312.325750879404
63,nominal,2052,502.6399825951555,TRUE,96.56064,241.4016,0.4888888888888889,1739.9308448584154,20.630457227524122,9.957765462906993,1.9581367692352298,1.4450271705721784,464.59949548937306,0.3645300922622955,0.047102735,2.996430101293445,7.2310146863444125,1.4531250948781944,8.294701367420542,5.572053438385183e-05,5.32429518318763e-05,600,254.80463928717572,256.8540168284801,545.5955530580252,82.66933890792322,240.6205657615702,91.93193336399293,209.76413348555465,176.96942363216456,199.5805010745847,176.96942363216456,87.09099963040019,0.2729121403446563,0.009153409,0.5774038137481481,1309.242237
64,nominal,2053,509.1283477763025,TRUE,96.56064,241.4016,0.4888888888888889,1733.640250534097,20.728961243186653,9.940332344433786,1.960787778063825,1.4317463550068843,468.4770519178195,0.36148617599602795,0.048040282,2.999193526236813,7.250794967870343,1.4531305625359001,8.320986670495282,-0.004553586,4.097978903296925e-06,600,251.06524196193055,255.75638768924867,544.4640110821096,82.35663414734572,239.09657606044414,91.87633221274433,208.34551468292491,175.85312626003093,203.17808026789595,175.85312626003093,86.92061364041201,0.2729121403446563,0.009153409,0.5770567666892472,1308.4553206998953
65,nominal,2054,515.3894691,TRUE,96.56064,241.4016,0.4888888888888889,1724.1200343692662,20.565645403804098,9.874502757483333,1.945067189186076,1.4743114361179623,454.829272,0.3623559580362454,0.045224757,3.0000000126653386,7.217707108775166,1.4533133100613667,8.277031054032049,3.0991937904900624e-09,4.1446332421658176e-05,600,247.51349763606186,254.84676126666722,539.8826076519024,81.88360569723864,238.87364898377638,91.65000519795771,208.30174770570466,177.7258405462144,191.16747973847782,177.7258405462144,86.74477809494513,0.2729121403446563,0.009153409,0.5757076448354016,1305.3962357539465
66,nominal,2055,521.4241499375543,TRUE,96.56064,241.4016,0.4888888888888889,1722.2287181492272,20.397561379889243,9.941446875166791,1.9434343534435514,1.4814007647839678,452.62710094558736,0.3649411444741937,0.044692206,3.000169419451043,7.215892550267455,1.4533129655015606,8.274622462896351,1.4543203896266732e-05,2.667584020813792e-06,600,244.15599752985779,254.5173900984433,541.7640332082816,81.78966403862569,238.6716135463233,91.43358645617239,208.13381225206965,177.82932108265035,188.89502181520487,177.82932108265035,86.57000675562993,0.2729121403446563,0.009153409,0.5743480551243033,1302.3134153207652
67,nominal,2056,527.2339401550083,TRUE,96.56064,241.4016,0.4888888888888889,1716.7519631719458,20.51895837826865,9.919757367462843,1.9474411248418955,1.434919264424943,467.44230206973657,0.36162836988976055,0.047592644,2.9991861359954743,7.238689814152025,1.4531736159871995,8.304897686568891,-0.001332466,2.5440190234606022e-05,600,241.08153482083623,253.50764932663787,540.6501298702336,81.51769298118151,237.1633551441318,91.42184231238161,206.71560661708884,176.53514277901482,201.28586530251926,176.53514277901482,86.4323299,0.2729121403446563,0.009153409,0.5742192195231582,1302.0212852608734
68,nominal,2057,532.8210733800332,TRUE,96.56064,241.4016,0.4888888888888889,1710.494617038725,20.44200301538226,9.889975263226678,1.940036097329541,1.4445034382784545,464.7848570499307,0.3616666931967734,0.046801524,2.996321070070392,7.226298487353906,1.4531411695783991,8.288437762229098,7.645341959516827e-08,6.936558071531805e-05,600,238.17846212148325,252.79061884195718,538.3267981869561,81.20706648849384,236.704119,91.28348207633904,206.37117224111284,177.23699768380044,198.3186620907118,177.23699768380044,86.29642261363053,0.2729121403446563,0.009153409,0.5733373792146148,1300.0217442965738
69,nominal,2058,538.1884037558578,TRUE,96.56064,241.4016,0.4888888888888889,1705.7409484862044,20.366789575138778,9.883353934884322,1.935138619966055,1.4671368677550631,456.97826477630474,0.36199348180790086,0.04542755,3.000493728271616,7.219210240076501,1.4533290157736405,8.279026420249668,2.170400158263419e-06,2.9359082141706676e-05,600,235.41755594910862,252.19567507187475,537.1619733057265,80.97116256,236.27805421388155,91.13616094110213,206.03158655396163,177.64018182622826,191.9615074233746,177.64018182622826,86.15531908360215,0.2729121403446563,0.009153409,0.5724860732078392,1298.0914387557516
70,nominal,2059,543.3393428328809,TRUE,96.56064,241.4016,0.4888888888888889,1701.6226400187288,20.32253757826241,9.881234499808137,1.9324562739233657,1.466409763061307,457.2028698788522,0.361905823,0.045418229,3.0005067423012326,7.2180974918108545,1.4533295309168706,8.277549263528307,2.31800824579409e-06,5.139669679481539e-07,600,232.85033067572033,251.62301649553683,536.3831670160213,80.76684274634627,235.74392586817652,91.02634735818641,205.5708260796761,177.70358846834213,191.92045556878765,177.70358846834213,86.03138704048014,0.2729121403446563,0.009153409,0.5717964646597341,1296.5277763466872
71,nominal,2060,548.2777973893672,TRUE,96.56064,241.4016,0.4888888888888889,1699.3513796411908,20.36094296623531,9.902397666082647,1.9369837872767817,1.4282839804541683,471.26068785987445,0.36074104,0.047472871,2.988705482094007,7.236874202882462,1.452823462592891,8.302485338050454,3.063052142238121e-05,4.350732397001752e-05,600,230.49954826902058,251.07564540285088,537.1154088,80.65418116,234.81842187671793,91.00705981699477,204.67984108963492,176.63774486545088,202.18993687517917,176.63774486545088,85.93689354444426,0.2729121403446563,0.009153409,0.5714762420967537,1295.801683281799
72,nominal,2061,553.0081088045988,TRUE,96.56064,241.4016,0.4888888888888889,1694.5358528102627,20.24409704,9.883653733678324,1.9283983359352017,1.4514858364892704,463.62716073942306,0.3617950354888875,0.045913164733944974,2.9893531611114272,7.218001562562268,1.4529707942266066,8.277421922470221,1.5800711562263814e-05,2.8783243920765017e-05,600,228.22501115320773,250.61864559464865,535.2821945136632,80.41536655050638,234.76523773551682,90.85127853990616,204.7178298607937,177.70905614590083,195.46232568117279,177.70905614590083,85.82299162382584,0.2729121403446563,0.009153409,0.570555873,1293.7147786003263
73,nominal,2062,557.5349945171799,TRUE,96.56064,241.4016,0.4888888888888889,1690.3229113897496,20.194323385600924,9.868746069800164,1.9239531143844943,1.465265350615527,457.63719721342096,0.36178505536691974,0.045325375774220925,3.000000321091523,7.211374654641931,1.453313091739648,8.268626427331009,8.143855367848118e-09,3.701121415918384e-05,600,226.0625418451855,250.10091573648387,533.9468780378958,80.20649208592579,234.39676793129806,90.73017116818113,204.4260828863399,178.08732222685026,191.5927604,178.08732222685026,85.70568905917277,0.2729121403446563,0.009153409,0.5699295400927203,1292.2945925005474
74,nominal,2063,561.8634920049998,TRUE,96.56064,241.4016,0.4888888888888889,1688.8878053658586,20.223593633214033,9.897085346919194,1.9287848151652722,1.4830606944321347,452.15673794791576,0.3609547167666761,0.044219108,2.9999289307584345,7.229668163599408,1.4532894974842319,8.292912903912013,1.826747405431206e-05,1.662246131430464e-05,600,224.05215286968837,249.65867942957178,535.0375433694943,80.13535263182214,233.6051623875664,90.68455033265316,203.65435220827655,177.04576290855186,186.92540375418423,177.04576290855186,85.60297300176879,0.2729121403446563,0.009153409,0.569633721,1291.6238328858606
75,nominal,2064,565.9989056319838,TRUE,96.56064,241.4016,0.4888888888888889,1684.1935327892854,20.15270716181515,9.866039496,1.9213426629784416,1.443612246989056,464.48288578943385,0.3612175583442532,0.046621741525914445,3.000119983133974,7.2142328403315945,1.4532772479353022,8.272419591565859,5.941234348938451e-07,3.1868241444207245e-05,600,222.1981960859979,249.19800931914418,532.9002764019724,79.90269618,233.45427990259785,90.58231824,203.59140565190918,177.92404240730633,197.05684650535747,177.92404240730633,85.51947635629152,0.2729121403446563,0.009153409,0.5689867554037488,1290.1568623606918
76,nominal,2065,569.9467566216418,TRUE,96.56064,241.4016,0.4888888888888889,1679.5904503879674,20.05530638625329,9.834016746256651,1.9123285320769488,1.4543052567558183,461.0771124184466,0.36197980950316616,0.04587852,3.0000587504349627,7.1934756043352195,1.4533062891069168,8.244883668,3.078848255100297e-05,4.148719365154524e-05,600,220.45856712086913,248.80994996726488,530.6408693585439,79.67462288596823,233.4880304,90.46558969781852,203.7130562372952,179.11447376409404,193.9233754550269,179.11447376409404,85.44175880399584,0.2729121403446563,0.009153409,0.5682648884123491,1288.5200550996774
77,nominal,2066,573.7127363395138,TRUE,96.56064,241.4016,0.4888888888888889,1677.4069975980021,20.056445541589547,9.840464218,1.913115373359781,1.4643442567844385,457.9251067,0.3614887061298438,0.045223205101151145,3.0000000000008344,7.200080519,1.4533133098132553,8.253642661,6.199485369506874e-12,1.841485721047559e-05,600,218.79779732840538,248.41625004716428,530.6307821455256,79.56645933,232.9705887522853,90.41188004498802,203.23232620132174,178.73451307352173,191.1609204595428,178.73451307352173,85.35841644702971,0.2729121403446563,0.009153409,0.5679302516625998,1287.7612783882919
78,nominal,2067,577.3026629965794,TRUE,96.56064,241.4016,0.4888888888888889,1674.8793173421839,20.02883957763327,9.83857586,1.9113707307029058,1.4638211530810068,458.08874845774073,0.3614414726861888,0.045221983,3.0000000000856955,7.199095260369616,1.4533133098838587,8.252335906,1.4525269875775848e-11,2.1373018788159085e-05,600,217.2461076949705,248.0683507319382,530.1282207860864,79.44126122542266,232.65136197908734,90.34485402532216,202.9582092131804,178.79112265781185,191.1557527726364,178.79112265781185,85.28339441860473,0.2729121403446563,0.009153409,0.5675092217967773,1286.8066084148857
79,nominal,2068,580.7224418,TRUE,96.56064,241.4016,0.4888888888888889,1672.495463277902,20.00307351866485,9.836716219753766,1.9097306948088184,1.4633138185392962,458.2475689790874,0.3613919453136103,0.045221804,3.0000000000038565,7.198185289975776,1.4533133098857096,8.251129060143521,1.2776695257343818e-09,6.185794389027172e-05,600,215.78790128475896,247.74009254909257,529.6521300210912,79.32320441,232.3495986699629,90.28188427062551,202.6989822952558,178.8434280173837,191.15499742710247,178.8434280173837,85.21275633,0.2729121403446563,0.009153409,0.5671136716926247,1285.9097128783317
80,nominal,2069,583.9780287144098,TRUE,96.56064,241.4016,0.4888888888888889,1670.2580125011223,19.97926549,9.834940846761317,1.9082082557519346,1.4625379059901293,458.4906050374221,0.36133854990622916,0.045240302,3.000000494776484,7.1973878795517425,1.4533133188527245,8.250071538551085,3.6190606067521003e-10,8.644608552769372e-05,600,214.41798531083649,247.43136945001726,529.2055419642913,79.21241341468436,232.0644712294076,90.22302718981527,202.45376112150183,178.8892804460848,191.23312620344942,178.8892804460848,85.14646682026154,0.2729121403446563,0.009153409,0.5667439592107472,1285.0714032145922
81,nominal,2070,587.0753972844666,TRUE,96.56064,241.4016,0.4888888888888889,1667.6328556910767,19.987646153873527,9.821254675574838,1.907128970381257,1.4426048708864696,464.82393720646155,0.36061936319027366,0.046481762889933644,3.000012187242298,7.198761021161705,1.4532810961364764,8.251892616289156,2.495516595146796e-06,1.6133792496198104e-05,600,213.14252401924924,247.0579996109707,528.3539051590728,79.08244359102959,231.65553777779965,90.19059712534657,202.0909545525575,178.81033241446235,196.47931556508485,178.81033241446235,85.08889773743401,0.2729121403446563,0.009153409,0.5665276856070549,1284.581011
82,aggresive,2030,472.5954848884498,TRUE,96.56064,241.4016,0.4888888888888889,1766.9556146927125,21.030307632111352,9.904777844446112,1.9739097049790102,1.4834570234768079,452.02522735424935,0.36315352683901175,0.045221316790747056,3.000000007572646,7.2329910953969225,1.4533133101455673,8.297326655040033,2.623661288225776e-10,2.9408079988618556e-05,600,273.87904863908295,260.7443284,548.3236102429963,84.01405028665889,244.29113645905127,92.78353718662169,212.9548091998298,176.8574545,191.15293750497892,176.8574545,88.01512121881483,0.2729121403446563,0.009153409,0.582828027,1321.5414437648992
83,aggresive,2031,490.43707810857916,TRUE,96.56064,241.4016,0.4888888888888889,1749.235807292972,20.84174791359634,9.912329737425459,1.9645097399521816,1.4741266808461075,454.8830627189888,0.3627642420358347,0.045553711,3.000021208905062,7.234653072482067,1.4533117018131567,8.299534466,3.1294902083089937e-06,4.634107620719077e-05,600,262.2199157321595,258.1891728637009,545.6878116835968,83.13209958549773,241.7857207,92.29230638429574,210.76312344813837,176.76337311285891,192.5552634541411,176.76337311285891,87.44961111961953,0.2729121403446563,0.009153409,0.5797416752168505,1314.5432535538685
84,aggresive,2032,508.2566531506551,TRUE,96.56064,241.4016,0.4888888888888889,1731.9126763371821,20.65798153873881,9.90012392,1.9530588612852402,1.4704830743416573,456.8207173426086,0.3623667638690689,0.045392064,2.994698304751085,7.229221888353396,1.4531431398971286,8.292320181942369,1.3244530769895846e-06,2.765364150406351e-05,600,251.56165811228232,255.80021448095556,542.2852855230257,82.27077689389796,239.571105,91.84700282966503,208.85742932462406,177.0710737169722,192.55467321263905,177.0710737169722,86.94336276,0.2729121403446563,0.009153409,0.5768775477690294,1308.0489482886082
85,aggresive,2033,525.9994492,TRUE,96.56064,241.4016,0.4888888888888889,1716.1040974017435,20.480891792993624,9.892294480225516,1.942440996565744,1.4684468353140323,456.57622469715744,0.36216378197480875,0.045481462,3.0004567971917435,7.223813516010644,1.4533272483135569,8.285138014824401,1.8284264289292196e-06,3.341122585126076e-06,600,241.72401308972545,253.61159609530338,539.2811339956503,81.48552635,237.5620707259707,91.40969093036855,207.1304176624649,177.3782032459906,192.19405057057423,177.3782032459906,86.45975446549512,0.2729121403446563,0.009153409,0.5742035963730386,1301.9858603337602
86,aggresive,2034,543.6116466844784,TRUE,96.56064,241.4016,0.4888888888888889,1702.4413774260279,20.381223161202602,9.896831819926524,1.9374663407100825,1.4496274088334957,462.72757405369504,0.36103738378383493,0.046445925465602035,2.999004561925856,7.232755529047082,1.4532489313116284,8.297013736751094,3.0886838668919836e-06,3.6341556977242475e-06,600,232.7174339,251.5584780222931,537.3561007562994,80.80745841082015,235.37936137740923,91.06378234197771,205.1872434397899,176.8707949794419,196.45977927477637,176.8707949794419,86.02537706557452,0.2729121403446563,0.009153409,0.5719998943922266,1296.989045898027
87,aggresive,2035,561.0410130878932,TRUE,96.56064,241.4016,0.4888888888888889,1687.8474781305188,20.192358592657417,9.868669556818523,1.9238358098467236,1.4444432154412048,464.21522770839067,0.3612903822104705,0.046617962,3.0001228747181066,7.215561580599222,1.4532775586558084,8.274183165547784,6.026708128104019e-07,5.5861676981411765e-05,600,224.44623270745444,249.7016283310124,533.6233046309859,80.08378652803003,233.91768738675918,90.67908478597077,203.98961980421382,177.84820440236388,197.04049377360323,177.84820440236388,85.62800841172687,0.2729121403446563,0.009153409,0.5695947097292902,1291.5353767771521
88,aggresive,2036,578.2375080959839,TRUE,96.56064,241.4016,0.4888888888888889,1674.2200498358054,20.021639273146757,9.838023913170236,1.9109088466720574,1.4636915679014473,458.12930428949056,0.36142913439874946,0.045221273163078536,3.000000001355209,7.198816319890547,1.4533133099367779,8.251965956601062,6.829736776126083e-11,4.396172162964776e-05,600,216.84540698571945,247.97792118473015,529.9947417398646,79.40861029,232.56879679092307,90.32744202455461,202.88741599770333,178.8071540331302,191.15275388079846,178.8071540331302,85.26394048868768,0.2729121403446563,0.009153409,0.567399847,1286.558604545017
89,aggresive,2037,595.1538336261617,TRUE,96.56064,241.4016,0.4888888888888889,1664.0816369610855,19.93411481828597,9.851219140222376,1.9075330060446338,1.439067396306502,465.95222115110187,0.3608177752092754,0.046640282,3.0001044699265718,7.2067145180383445,1.453275670424059,8.262442936,5.355136174500785e-07,1.4217734805196273e-05,600,209.83799795556556,246.42738718511396,528.9058233674015,78.90665781183812,230.90711208219827,90.04969024450732,201.4031019,178.35397786551712,197.13725132373546,178.35397786551712,84.92240447,0.2729121403446563,0.009153409,0.5656404743612162,1282.569291280329
90,aggresive,2038,611.7459165828768,TRUE,96.56064,241.4016,0.4888888888888889,1653.5866385675706,19.819767907472567,9.843223514865386,1.9002620720784826,1.4367150321954414,466.7163420029211,0.3606107270056189,0.046648442459313794,3.0000967088848594,7.202632645113315,1.4532749401977478,8.257027840066554,4.97996852644178e-07,6.468905671130836e-05,600,203.39830233063788,244.98275244343617,526.8101661346135,78.38737471,229.58086578099469,89.77174571673515,200.26414717214305,178.58798956796085,197.17276299067018,178.58798956796085,84.61109500564687,0.2729121403446563,0.009153409,0.5638943030111688,1278.6099109806548
91,aggresive,2039,627.9733149776675,TRUE,96.56064,241.4016,0.4888888888888889,1642.648537598846,19.67925170317141,9.813857009694306,1.8891188625643451,1.4569863960062213,460.23764743767737,0.36078321341950065,0.045216256,3.0000000391615815,7.186693717788451,1.4533133106704237,8.235892790255784,4.7533497138374514e-09,6.248996380616478e-05,600,197.47660759232178,243.6280056600849,523.7053102985623,77.84651910725725,228.56804562757065,89.49182537347595,199.44996607317782,179.50575505910533,191.13154156782232,179.50575505910533,84.32682713220015,0.2729121403446563,0.009153409,0.5621508468885988,1274.6566873609552
92,aggresive,2040,643.7995410703285,TRUE,96.56064,241.4016,0.4888888888888889,1633.7636519505902,19.582210989288654,9.807245052519956,1.8829474746951005,1.4550391991582636,460.85356013195013,0.360609991,0.045217827210056176,3.000000022084702,7.183212585675068,1.4533133103795115,8.231278888402102,4.985741597351989e-09,3.927410202450082e-05,600,192.0183693534963,242.40336397561353,521.9407316626489,77.40745386413037,227.44191856561233,89.25588391869712,198.48235907212046,179.70704918849376,191.13818501056772,179.70704918849376,84.06250988546054,0.2729121403446563,0.009153409,0.5606687595793929,1271.2961080602417
93,aggresive,2041,659.1922982930024,TRUE,96.56064,241.4016,0.4888888888888889,1626.7746720027033,19.51581424854698,9.822912785878492,1.8809735492635737,1.4420058501882203,464.99772460560854,0.36028897917409725,0.045937814,3.000136731332204,7.190013942534622,1.4533072436440357,8.240294121675198,7.044304730641215e-07,8.812157585348482e-06,600,186.98092948363436,241.3120131,521.4165146498199,77.06224626,226.25473121533793,89.05214350484142,197.41706400062213,179.31404993007857,194.1639101638909,179.31404993007857,83.81434427742954,0.2729121403446563,0.009153409,0.559386611,1268.3888824927901
94,aggresive,2042,674.1236317350979,TRUE,96.56064,241.4016,0.4888888888888889,1617.8639016634181,19.408781952548953,9.792244731313048,1.8715382085106838,1.4511731864906765,462.08120763563005,0.36029144954439934,0.045245892113136794,3.000000633043901,7.175837959597128,1.4533133183305884,8.221507007666462,2.283417899207052e-10,3.6562841664348344e-05,600,182.36123491267048,240.2267652978909,518.6596183171015,76.62232985731855,225.4599268785955,88.83727841744373,196.7843486789926,180.13449380774364,191.25673896366732,180.13449380774364,83.59513221757817,0.2729121403446563,0.009153409,0.5580392550096603,1265.3338016743191
95,aggresive,2043,688.5699947471827,TRUE,96.56064,241.4016,0.4888888888888889,1611.1068212870518,19.333554089749654,9.790937487,1.8671584618621584,1.4502723765803263,462.36828646544956,0.36018273390427086,0.045207912,3.0000002072851757,7.174284928558836,1.4533133130598255,8.219449563,1.7464635959640873e-08,9.55908707717528e-05,600,178.09068957522413,239.27831849531373,517.4586905345878,76.28889974031672,224.56688538723668,88.65256863234869,196.0115222891462,180.22468551136987,191.09624955292853,180.22468551136987,83.38697552602727,0.2729121403446563,0.009153409,0.5568789820688027,1262.7029247995197
96,aggresive,2044,702.5122366479084,TRUE,96.56064,241.4016,0.4888888888888889,1604.6762488339846,19.26396772665053,9.785618093892857,1.8626438159205978,1.4487863066556934,462.84253541819385,0.3600409791573259,0.04521386,3.0000003245719653,7.171672225991882,1.4533133196222354,8.215988609104132,1.3374901186580246e-09,7.124702772365404e-05,600,174.1570758206832,238.39245202189878,516.1634515680355,75.97171021881091,223.7520341515676,88.48261325351599,195.3114013639021,180.37655543050874,191.12137789283943,180.37655543050874,83.19628427,0.2729121403446563,0.009153409,0.5558113947746586,1260.2822092720874
97,aggresive,2045,715.9355185055305,TRUE,96.56064,241.4016,0.4888888888888889,1599.933838184647,19.238402906718648,9.801294982578323,1.8629406343135184,1.4186662641380123,472.60171580208794,0.3594539491902542,0.047096780235995776,3.0004290583924944,7.181845692437114,1.4532567870549165,8.229467408802137,1.7323383243450508e-06,5.6410004052819e-05,600,170.52759740782398,237.5882620769072,516.0725976264898,75.73787041406379,222.77474436264578,88.35317487825502,194.41523475424148,179.7861725305129,199.02369073764038,179.7861725305129,83.01899943137751,0.2729121403446563,0.009153409,0.5549767271927688,1258.389630757143
98,aggresive,2046,728.8291655,TRUE,96.56064,241.4016,0.4888888888888889,1594.4446550633243,19.15645421496547,9.798115325041675,1.8579528448880018,1.435590617110206,467.0935310251109,0.3597531245457721,0.045897283,3.0000219648506694,7.175870216149931,1.4533045306408408,8.221549742491039,1.8884584029876805e-07,5.1864872734076134e-08,600,167.17740958847705,236.86939495874987,514.9307839397817,75.46729431492184,222.19530273483565,88.19058943280059,193.93480608927453,180.13262116907404,194.00744168011684,180.13262116907404,82.85376490239688,0.2729121403446563,0.009153409,0.5539736710029356,1256.1152371717803
99,aggresive,2047,741.1864651090311,TRUE,96.56064,241.4016,0.4888888888888889,1589.3470227839566,19.084882657761305,9.793750796292574,1.8534146339547681,1.4379289911714934,466.29160979614744,0.35994777240297454,0.045681686330192525,3.000294302016631,7.170631382135935,1.4533187871669317,8.214609957383983,8.880409758660335e-07,2.2546653351296924e-05,600,164.09267610752315,236.20052674989813,513.8329703141168,75.21610128077981,221.64673347223905,88.04565940640266,193.47808733819647,180.43710543039867,193.0610645775177,180.43710543039867,82.70382397700305,0.2729121403446563,0.009153409,0.5530687110759863,1254.0632733100088
100,aggresive,2048,753.0044218087182,TRUE,96.56064,241.4016,0.4888888888888889,1584.4817451718363,19.02908477259849,9.785953305450029,1.849379084641748,1.4380910069449733,466.2413642880509,0.3598981305233035,0.045605497,3.000279584713065,7.166620910145308,1.4533196257803855,8.209298502909963,-4.84E-05,4.2685982171006074e-05,600,161.24972479480462,235.55580626814827,512.6932485795796,74.97643207828835,221.09188766058367,87.91943516275519,193.0106140750251,180.6706682640242,192.74096327075978,180.6706682640242,82.56679393443021,0.2729121403446563,0.009153409,0.5522761379760635,1252.2661425084975
101,aggresive,2049,764.2834772078536,TRUE,96.56064,241.4016,0.4888888888888889,1579.3458264008495,18.987714362615684,9.76575391,1.8448085454340257,1.4431512926935226,464.6498280447955,0.35951316525597515,0.04522138,3.000000000032795,7.161346305,1.453313309892183,8.202314342727854,3.1668569988596573e-09,2.908365811058793e-05,600,158.63109829914313,234.89965816975013,511.09695329547145,74.72350956315876,220.5375580445495,87.81027116562909,192.54880517973473,180.97847653653625,191.1532041748252,180.97847653653625,82.44260663293157,0.2729121403446563,0.009153409,0.5515880145347093,1250.7058475252088
102,aggresive,2050,775.0272065543188,TRUE,96.56064,241.4016,0.4888888888888889,1575.409639895346,18.944010674031706,9.763001521287334,1.8420223236717916,1.4422801098385125,464.93049122209067,0.35944448153486447,0.045221701524422064,3.0000000002367995,7.159712463453763,1.4533133098955584,8.200151303,8.195701894919694e-10,2.3961420132542742e-05,600,156.2086505198666,234.35648303287988,510.3196776869355,74.52972369602456,220.0381157674852,87.70491107883235,192.1195818957946,181.07396628405658,191.1545647,181.07396628405658,82.32484875538181,0.2729121403446563,0.009153409,0.5509261857964123,1249.205174828855
103,aggresive,2051,785.2420000943131,TRUE,96.56064,241.4016,0.4888888888888889,1572.5374107764453,18.927896482640694,9.774418335,1.8423646013405477,1.4334899003615496,467.7771116975265,0.359094609,0.045735585139656094,3.000027893786997,7.166517651116069,1.4533087175926187,8.209161760107634,1.0297460715236184e-06,6.136266135784295e-05,600,153.96673932412205,233.86046255278717,510.32969380218054,74.38834852964024,219.4283873048925,87.62228932491159,191.55882862708106,180.6766872998192,193.3231834154824,180.6766872998192,82.21278222771386,0.2729121403446563,0.009153409,0.5504054506901834,1248.0244268335932
104,aggresive,2052,794.9367378551856,TRUE,96.56064,241.4016,0.4888888888888889,1569.6173996808507,18.92183568680098,9.778446386701892,1.8424637966331474,1.4290693888722341,469.3313281864552,0.3585426211124228,0.045961388,2.999342331260232,7.172614307339319,1.453279700060913,8.217236502295663,3.3337219704776544e-06,3.947606436733589e-05,600,151.90446470989522,233.37449014648345,510.0875143188137,74.24464751,218.8347696424653,87.55441210546326,191.0152396419823,180.3217745844392,194.3664706208665,180.3217745844392,82.11301895664315,0.2729121403446563,0.009153409,0.5499680940835084,1247.0327365665676
105,aggresive,2053,804.1224651637826,TRUE,96.56064,241.4016,0.4888888888888889,1566.3387111251614,18.862085565379065,9.774557491836035,1.8386325067689862,1.4341008735860585,467.58048623896053,0.3589270770881221,0.045607875,3.0000108098676583,7.166189443917419,1.453310537888023,8.208727129623053,1.358309091870069e-07,2.567953797566689e-05,600,149.99681722597975,232.9764022,509.28723276143813,74.08332639558937,218.57344455980743,87.45300129718686,190.81383585923726,180.69582051592639,192.78555004705632,180.69582051592639,82.01875109544379,0.2729121403446563,0.009153409,0.5493427443348998,1245.614778658267
106,aggresive,2054,812.8120752,TRUE,96.56064,241.4016,0.4888888888888889,1563.4646613132193,18.849559073141823,9.772387663798803,1.8382688852922398,1.4380996995533124,466.1466855,0.35850657520441487,0.045346629,3.0008708310703587,7.170656805184254,1.453342228415647,8.214643630736148,0.003533749,6.6466176264165005e-09,600,148.22248471849966,232.51684599113077,508.78330709896204,73.94194197783598,218.0364649696891,87.38563457924707,190.32653534272802,180.43562614291776,191.57140493900602,180.43562614291776,81.92437726503348,0.2729121403446563,0.009153409,0.5489315447257088,1244.682398435776
107,aggresive,2055,821.0200034718823,TRUE,96.56064,241.4016,0.4888888888888889,1560.6546019802502,18.784891059601595,9.767726528878754,1.8334789737434782,1.4582724817850916,459.7905398182704,0.3590941814228825,0.044036781,3.0002689414211248,7.160060411861461,1.4532924912438927,8.200611937821806,6.401330150396234e-07,2.2572747226423737e-06,600,146.61832130271273,232.23509072696442,507.99896223731855,73.80373013620506,217.9666807552136,87.29694966998733,190.30952980257484,181.0536247397507,186.1124712383212,181.0536247397507,81.85607077219643,0.2729121403446563,0.009153409,0.548355685,1243.3766566853405
108,aggresive,2056,828.7619390638173,TRUE,96.56064,241.4016,0.4888888888888889,1558.0544381065406,18.764432860829945,9.762326514999149,1.8317180994169533,1.4300359830179616,468.8917869,0.3588867598755021,0.045756732868444026,3.0001247035064527,7.159272943210688,1.453311523,8.199569451528756,3.0066646239390593e-07,5.4857039133911115e-06,600,145.11922586662868,231.87662310616886,507.38038330092905,73.67586367485325,217.6274672673405,87.23507772670462,190.0166157890219,181.09966567439056,193.40009224914965,181.09966567439056,81.78311789677375,0.2729121403446563,0.009153409,0.5479742122248674,1242.5116816593459
109,aggresive,2057,836.0545543672681,TRUE,96.56064,241.4016,0.4888888888888889,1555.7484202641474,18.74125376820719,9.759726967463468,1.8301091066848445,1.4258133036663592,470.2729805510019,0.35879879753048943,0.045998366,3.0001723791578248,7.158416912760454,1.4533065876556621,8.198436243334253,1.2053663525080083e-06,1.3516604679433097e-05,600,143.73508909035962,231.55838295973513,506.89614497807247,73.56247972951057,217.33135122248896,87.17613520601999,189.76160502913595,181.1497332244286,194.4152225276662,181.1497332244286,81.71585558233852,0.2729121403446563,0.009153409,0.5476021002818167,1241.6679313042912
110,aggresive,2058,842.9152567003667,TRUE,96.56064,241.4016,0.4888888888888889,1554.1158720921467,18.695816277760457,9.768493988763082,1.8284751037948466,1.4397412888745205,465.7355300319667,0.3592933803544116,0.045073842,3.000095420523827,7.156136326083053,1.4533160467881503,8.195417435822987,1.9242873776192937e-05,6.260216755139735e-06,600,142.45234734828662,231.3383850192768,506.84542238865566,73.48221937844431,217.17247985167995,87.10495115171027,189.6323017420627,181.28321193925714,190.51743670759296,181.28321193925714,81.65117471420255,0.2729121403446563,0.009153409,0.5471585146587855,1240.662116968258
111,aggresive,2059,849.3619622748121,TRUE,96.56064,241.4016,0.4888888888888889,1552.381819555025,18.71151421662256,9.768870051977744,1.8294112297306584,1.4166341832322225,473.3347349,0.3585913965221209,0.046540863,3.000079790802426,7.162764157149306,1.453280314039232,8.204191567446632,4.08994544898178e-08,5.65545237296974e-05,600,141.27301647427439,231.02127936897173,506.6980661376328,73.39697784832525,216.72943370689654,87.07919591,189.21813402245664,180.89566559805533,196.72026693261344,180.89566559805533,81.59451001256866,0.2729121403446563,0.009153409,0.5469832814673055,1240.2647820525428
112,aggresive,2060,855.4128933036719,TRUE,96.56064,241.4016,0.4888888888888889,1550.8850385812489,18.68863054339128,9.772894257022285,1.8285450684670763,1.4135923151526788,474.32289835217694,0.35868431,0.046720871,3.0002720181681966,7.162818361218982,1.453276645473284,8.204263335646184,1.580752808472141e-05,4.7276789629719974e-05,600,140.1820939361728,230.80198627098366,506.57067509481516,73.32340746735211,216.51882825593756,87.03005813244819,189.0340393930198,180.8925007802254,197.45582740807257,180.8925007802254,81.54122798304991,0.2729121403446563,0.009153409,0.5466732451884505,1239.561786018019
113,aggresive,2061,861.0863981395321,TRUE,96.56064,241.4016,0.4888888888888889,1548.2505917329067,18.659436199046723,9.752277621044144,1.8246140024901585,1.4141653013513558,474.1671169595944,0.3586352625014393,0.046649220567840356,3.0000416798647263,7.154753852023836,1.4532730254834503,8.193587613734424,9.266014799891309e-08,4.858894891411871e-05,600,139.18234403177718,230.5318943788742,505.3354477933829,73.19393495149943,216.39466902064834,86.98062050127172,188.9588132477727,181.3641906463028,197.18328545434858,181.3641906463028,81.49665584871934,0.2729121403446563,0.009153409,0.5463613452099105,1238.854564111952
114,aggresive,2062,866.4007938826422,TRUE,96.56064,241.4016,0.4888888888888889,1547.4799599921314,18.64390716407588,9.766672222564393,1.8253000930772056,1.4489415580390204,462.7517752366764,0.35875532283241407,0.044422409,3.0002672115367717,7.158623142052957,1.4533084309589037,8.198709244,1.7235066707144142e-08,3.3787191217011545e-05,600,138.24188663076123,230.36430246349795,505.7235180152565,73.15606555766398,216.17005523052907,86.93721539853519,188.74677877566103,181.13766955951317,187.74246651370356,181.13766955951317,81.44555862,0.2729121403446563,0.009153409,0.5461020038888312,1238.2665170582966
115,aggresive,2063,871.3742305189487,TRUE,96.56064,241.4016,0.4888888888888889,1545.9776189765414,18.62806129269138,9.763586103978154,1.824054548626416,1.4186185883710702,472.6514797035458,0.3587119093902597,0.046320135,3.000213978537213,7.157403376378779,1.453295664,8.197094587981006,2.8114548911162274e-07,3.8439239269744225e-05,600,137.38397257925965,230.1655842420298,505.3520173455075,73.08224474839496,215.99699467528325,86.90048849,188.6006807,181.20903726111555,195.7697750075503,181.20903726111555,81.40474030648431,0.2729121403446563,0.009153409,0.5458665061399851,1237.732534441199
116,aggresive,2064,876.0245753659362,TRUE,96.56064,241.4016,0.4888888888888889,1544.8025452655022,18.615647357296645,9.764567926621657,1.823450287579573,1.4169783285240407,473.17722910571297,0.35867828497863385,0.046413945,3.000349543254966,7.157705938668036,1.453296000350394,8.197495094184825,4.575658429928353e-07,2.188384449344403e-05,600,136.5899760373316,229.9930479685496,505.1903334235749,73.02450981889213,215.82369525968144,86.86736767994047,188.44812073890242,181.19133098136427,196.14853184918005,181.19133098136427,81.36619951499584,0.2729121403446563,0.009153409,0.5456585834849588,1237.2610773507222
117,aggresive,2065,880.3693164084915,TRUE,96.56064,241.4016,0.4888888888888889,1542.7854012425967,18.598833833346408,9.747213552865528,1.8205890098846356,1.4130693754261847,474.53512932926276,0.3585337618197406,0.046643675,3.000040002,7.152028539657974,1.4532732860394155,8.189980775082974,7.872956508947482e-08,2.1355235055500327e-05,600,135.86401598215022,229.7830104,504.20834221199647,72.92541142929969,215.71298166497195,86.83561636798241,188.37472805019695,181.5239701216787,197.16006448887137,181.5239701216787,81.33514739480822,0.2729121403446563,0.009153409,0.5454506119138581,1236.7895093448183
118,aggresive,2066,884.4254829853135,TRUE,96.56064,241.4016,0.4888888888888889,1542.2457099780781,18.59671962587243,9.757207854911417,1.8215605960276535,1.4227469463082154,471.3124817306709,0.35844908732765196,0.045997726870209275,3.000007184,7.156414111303128,1.4533010245928788,8.195785122389138,1.0190068913118466e-06,7.794905603893499e-05,600,135.1800856765887,229.64835434949032,504.50954149108713,72.89889958465054,215.5053754564305,86.81026268366352,188.17546909142257,181.26694652831074,194.43393437173532,181.26694652831074,81.29856454386885,0.2729121403446563,0.009153409,0.5453017628292255,1236.451999435895
119,aggresive,2067,888.2095822265779,TRUE,96.56064,241.4016,0.4888888888888889,1541.074168080672,18.58181525967909,9.75389417,1.8203437169284136,1.4238526716164357,470.94488438640025,0.3584640888327159,0.045910896,3.0000173058547093,7.154629164210852,1.4533039908292884,8.193422584579933,1.1318584860475767e-06,3.153222926768501e-07,600,134.5536291502552,229.50269021171073,504.17593541600434,72.84135177,215.39539404634553,86.78035839611638,188.08674301518175,181.37149667260672,194.06558913309377,181.37149667260672,81.26803945954029,0.2729121403446563,0.009153409,0.545115031,1236.0285908135845
120,aggresive,2068,891.7375496340429,TRUE,96.56064,241.4016,0.4888888888888889,1539.6835593288802,18.564437748957314,9.744336855208426,1.8183024964156362,1.412451594798346,474.74282694237354,0.35847586671533144,0.04664021,3.000039088582713,7.150478878702118,1.4532734528066054,8.187930066309008,7.134501345262834e-08,1.0264790329088519e-05,600,133.98075899600312,229.35790755637152,503.5686402920262,72.77304861333191,215.32593626908914,86.75330365128347,188.04307643811447,181.61490871336264,197.1455389264793,181.61490871336264,81.24345813313944,0.2729121403446563,0.009153409,0.5449336340480058,1235.6172807560445
121,aggresive,2069,895.0247122248852,TRUE,96.56064,241.4016,0.4888888888888889,1539.201708,18.551302449590725,9.752152420045567,1.8184026023915487,1.4228605855799408,471.3438276868125,0.35861742024600374,0.045931862,2.9995680888916567,7.1517879965894755,1.4532882929111763,8.189662448,5.49774981095652e-07,4.090420245755193e-05,600,133.44087995477673,229.26623805586007,503.7516025253537,72.74938268899088,215.21914636167352,86.72595183384088,187.94446258634386,181.53808183572468,194.21237088236194,181.53808183572468,81.21436192278044,0.2729121403446563,0.009153409,0.5447673887266817,1235.2403255104177
122,aggresive,2070,898.0857627207814,TRUE,96.56064,241.4016,0.4888888888888889,1538.2154925943084,18.532707780571677,9.748460495829686,1.8169320019043629,1.4206921886389219,472.0419995331228,0.35874722863118336,0.046061693126612936,2.9997030472642816,7.148764860816848,1.453288685299527,8.185662031,1.8445253147092444e-07,5.125138355394169e-05,600,132.94778844105602,229.16040273378763,503.4135129750045,72.70094745162297,215.17220422585638,86.69838491886499,187.9158321811813,181.71556422698526,194.74380567361368,181.71556422698526,81.19099086920629,0.2729121403446563,0.009153409,0.5445943747241772,1234.848022525338